outer_target_domain,budget,selected_control_alpha,selected_exact_constant_offset,selected_inner_domain_equal_control_mae,minimum_baseline_distance_to_range_boundary,inner_domains,outer_target_labels_used_for_selection
CALB,0.0,0.01,0.0,0.07700376836179508,0.229127436666805,11,False
CALB,0.0025,0.01,0.0025,0.07656859152280365,0.229127436666805,11,False
CALB,0.005,0.01,0.005,0.07621495809731317,0.229127436666805,11,False
CALB,0.0075,0.01,0.0075,0.07593147464194197,0.229127436666805,11,False
CALB,0.01,0.01,0.01,0.07571804185432329,0.229127436666805,11,False
CALB,0.015,0.015,0.015,0.07545407774678062,0.2126192990469499,11,False
CALB,0.02,0.015,0.02,0.0752068894954898,0.2126192990469499,11,False
CALB,0.03,0.015,0.02081124333764628,0.07520074304204724,0.2126192990469499,11,False
CALCE,0.0,0.005,0.0,0.07631918995192313,0.27789655286714887,11,False
CALCE,0.0025,0.005,0.0025,0.07584001747543696,0.27789655286714887,11,False
CALCE,0.005,0.005,0.005,0.07543358983340277,0.27789655286714887,11,False
CALCE,0.0075,0.005,0.0075,0.07510730602150173,0.27789655286714887,11,False
CALCE,0.01,0.005,0.01,0.07486842276791333,0.27789655286714887,11,False
CALCE,0.015,0.005,0.014938693116661628,0.07467541638473102,0.27789655286714887,11,False
CALCE,0.02,0.005,0.014938693116661628,0.07467541638473102,0.27789655286714887,11,False
CALCE,0.03,0.005,0.014938693116661628,0.07467541638473102,0.27789655286714887,11,False
HNEI,0.0,0.005,0.0,0.07934878924703495,0.28153171727917425,11,False
HNEI,0.0025,0.005,0.0025,0.07879123889696679,0.28153171727917425,11,False
HNEI,0.005,0.005,0.005,0.07831921336265976,0.28153171727917425,11,False
HNEI,0.0075,0.005,0.0075,0.07794493778835866,0.28153171727917425,11,False
HNEI,0.01,0.005,0.01,0.077673191257929,0.28153171727917425,11,False
HNEI,0.015,0.005,0.015,0.07743037391342833,0.28153171727917425,11,False
HNEI,0.02,0.005,0.015391472163587383,0.07742905248549986,0.28153171727917425,11,False
HNEI,0.03,0.005,0.015391472163587383,0.07742905248549986,0.28153171727917425,11,False
HUST,0.0,0.01,0.0,0.07583218626860833,0.28251660764857456,11,False
HUST,0.0025,0.01,0.0025,0.07549489149137394,0.28251660764857456,11,False
HUST,0.005,0.015,0.005,0.07513476226088805,0.27730616624348053,11,False
HUST,0.0075,0.015,0.0075,0.07475748604908826,0.27730616624348053,11,False
HUST,0.01,0.015,0.01,0.07444167644361607,0.27730616624348053,11,False
HUST,0.015,0.02,0.015,0.0740853986305391,0.24183924337774423,11,False
HUST,0.02,0.02,0.02,0.07383865120071015,0.24183924337774423,11,False
HUST,0.03,0.03,0.027491178529702398,0.07374852513407217,0.20828624076096705,11,False
MATR,0.0,0.015,0.0,0.0761067615754937,0.2716265904221483,11,False
MATR,0.0025,0.015,0.0025,0.07571005791680746,0.2716265904221483,11,False
MATR,0.005,0.015,0.005,0.07537876409360338,0.2716265904221483,11,False
MATR,0.0075,0.015,0.0075,0.07511307317812763,0.2716265904221483,11,False
MATR,0.01,0.02,0.01,0.07481746333882903,0.2363651016902873,11,False
MATR,0.015,0.02,0.015,0.07445592571992946,0.2363651016902873,11,False
MATR,0.02,0.03,0.02,0.07423061211279568,0.20285111012352874,11,False
MATR,0.03,0.05,0.027490967987328307,0.07419001101798428,0.1827756852226998,11,False
MICH,0.0,0.015,0.0,0.06925326958216221,0.27483739645794625,11,False
MICH,0.0025,0.015,0.0025,0.06890794057935828,0.27483739645794625,11,False
MICH,0.005,0.02,0.005,0.06858606294458144,0.27483739645794625,11,False
MICH,0.0075,0.02,0.0075,0.0682932819150111,0.27483739645794625,11,False
MICH,0.01,0.02,0.01,0.06807873853590518,0.27483739645794625,11,False
MICH,0.015,0.03,0.015,0.06773058546556192,0.27483739645794625,11,False
MICH,0.02,0.05,0.02,0.06760429663481557,0.27483739645794625,11,False
MICH,0.03,0.05,0.021517232826120836,0.06758841620102482,0.27483739645794625,11,False
MICH_EXP,0.0,0.01,0.0,0.07098501685935957,0.2911872559540112,11,False
MICH_EXP,0.0025,0.01,0.0025,0.07048166713791201,0.2911872559540112,11,False
MICH_EXP,0.005,0.01,0.005,0.0700675035698413,0.2911872559540112,11,False
MICH_EXP,0.0075,0.015,0.0075,0.06974615110688841,0.2911872559540112,11,False
MICH_EXP,0.01,0.015,0.01,0.06930483794163031,0.2911872559540112,11,False
MICH_EXP,0.015,0.015,0.015,0.06875321282766617,0.2911872559540112,11,False
MICH_EXP,0.02,0.02,0.02,0.06837985741772791,0.2911872559540112,11,False
MICH_EXP,0.03,0.03,0.027051857286161107,0.06818498351620496,0.2873000260987821,11,False
RWTH,0.0,0.01,0.0,0.07217687884070996,0.2781896840426812,11,False
RWTH,0.0025,0.01,0.0025,0.07175117175354595,0.2781896840426812,11,False
RWTH,0.005,0.015,0.005,0.07132826763500483,0.2648152887999923,11,False
RWTH,0.0075,0.015,0.0075,0.07088448883331169,0.2648152887999923,11,False
RWTH,0.01,0.015,0.01,0.07052399258613326,0.2648152887999923,11,False
RWTH,0.015,0.02,0.015,0.07000374103605574,0.25000918402562916,11,False
RWTH,0.02,0.03,0.02,0.06969563513049568,0.2220255892721425,11,False
RWTH,0.03,0.03,0.02517538820774945,0.06949005646003414,0.2220255892721425,11,False
SDU,0.0,0.01,0.0,0.08518943379486901,0.28162869703172033,11,False
SDU,0.0025,0.01,0.0025,0.08457079154267548,0.28162869703172033,11,False
SDU,0.005,0.01,0.005,0.0840262139765017,0.28162869703172033,11,False
SDU,0.0075,0.01,0.0075,0.08356095175505016,0.28162869703172033,11,False
SDU,0.01,0.01,0.01,0.08318083037555318,0.28162869703172033,11,False
SDU,0.015,0.015,0.015,0.08264305048796074,0.2454917348059955,11,False
SDU,0.02,0.015,0.02,0.08211295563636778,0.2454917348059955,11,False
SDU,0.03,0.03,0.03,0.08186374696620362,0.1844123656228645,11,False
SNL,0.0,0.01,0.0,0.07538059854607883,0.2748242176278992,11,False
SNL,0.0025,0.01,0.0025,0.07485773569714077,0.2748242176278992,11,False
SNL,0.005,0.01,0.005,0.07439493076920982,0.2748242176278992,11,False
SNL,0.0075,0.01,0.0075,0.07399091775549717,0.2748242176278992,11,False
SNL,0.01,0.015,0.01,0.07351834503374037,0.2633350002625108,11,False
SNL,0.015,0.015,0.015,0.07267863302110034,0.2633350002625108,11,False
SNL,0.02,0.02,0.02,0.07214106850948519,0.22857060057924566,11,False
SNL,0.03,0.03,0.03,0.07166189463667372,0.19625571820161064,11,False
UL_PUR,0.0,0.01,0.0,0.07665889832664911,0.2798421318761488,11,False
UL_PUR,0.0025,0.01,0.0025,0.07608017117296527,0.2798421318761488,11,False
UL_PUR,0.005,0.01,0.005,0.07556552937524663,0.2798421318761488,11,False
UL_PUR,0.0075,0.01,0.0075,0.0751120199145115,0.2798421318761488,11,False
UL_PUR,0.01,0.01,0.01,0.07471799420810463,0.2798421318761488,11,False
UL_PUR,0.015,0.01,0.015,0.07412357412734519,0.2798421318761488,11,False
UL_PUR,0.02,0.015,0.02,0.07360131522022129,0.2798421318761488,11,False
UL_PUR,0.03,0.015,0.024062985352771515,0.07339109031975509,0.2798421318761488,11,False
XJTU,0.0,0.01,0.0,0.07163127499028772,0.30536642802610237,11,False
XJTU,0.0025,0.015,0.0025,0.07114449460758906,0.28955570678439657,11,False
XJTU,0.005,0.015,0.005,0.07067748277571252,0.28955570678439657,11,False
XJTU,0.0075,0.015,0.0075,0.07028166264166846,0.28955570678439657,11,False
XJTU,0.01,0.015,0.01,0.06996911140112184,0.28955570678439657,11,False
XJTU,0.015,0.02,0.015,0.06944737552325306,0.2526988873530343,11,False
XJTU,0.02,0.03,0.02,0.06912981909627786,0.21683161955686076,11,False
XJTU,0.03,0.03,0.02534049323783405,0.06893523247344491,0.21683161955686076,11,False
