domain,cell_id,pchp_cell_mae,control_cell_mae,prediction_rows,pchp_minus_control
CALB,CALB/CALB_0_B182,0.07003014673903026,0.07003014673903026,94,0.0
CALB,CALB/CALB_0_B183,0.05770406334881683,0.05770406334881683,94,0.0
CALB,CALB/CALB_0_B184,0.041911582019399186,0.041911582019399186,94,0.0
CALB,CALB/CALB_0_B185,0.04306061688227798,0.04306061688227798,94,0.0
CALB,CALB/CALB_0_B187,0.041567288756802205,0.041567288756802205,94,0.0
CALB,CALB/CALB_0_B188,0.0429808877905068,0.04122306604454488,202,0.0017578217459619239
CALB,CALB/CALB_0_B189,0.03763322389519368,0.03763322389519368,94,0.0
CALB,CALB/CALB_0_B190,0.06578534815835356,0.06578534815835356,94,0.0
CALB,CALB/CALB_25_T25-1,0.01606502386344885,0.014357620726221336,93,0.001707403137227512
CALB,CALB/CALB_25_T25-2,0.020837987328008303,0.020837987328008303,93,0.0
CALB,CALB/CALB_35_B173,0.021462324566620897,0.021462324566620897,93,0.0
CALB,CALB/CALB_35_B174,0.023853043654186855,0.023853043654186855,93,0.0
CALB,CALB/CALB_35_B175,0.0254695509229138,0.0254695509229138,93,0.0
CALB,CALB/CALB_35_B222,0.0222521733398143,0.0222521733398143,93,0.0
CALB,CALB/CALB_35_B223,0.02088901944807743,0.02088901944807743,93,0.0
CALB,CALB/CALB_35_B224,0.02060874554834509,0.02060874554834509,93,0.0
CALB,CALB/CALB_35_B227,0.022058733367756406,0.022058733367756406,93,0.0
CALB,CALB/CALB_35_B228,0.024909936998452814,0.024909936998452814,93,0.0
CALB,CALB/CALB_35_B229,0.022223286857123044,0.022223286857123044,93,0.0
CALB,CALB/CALB_35_B230,0.021807123015082794,0.021807123015082794,93,0.0
CALB,CALB/CALB_35_B247,0.26446724160021295,0.26446724160021295,93,0.0
CALB,CALB/CALB_35_B248,0.02389266888742181,0.02389266888742181,93,0.0
CALB,CALB/CALB_35_B249,0.023141412972176187,0.023141412972176187,93,0.0
CALB,CALB/CALB_35_B250,0.021498502492424604,0.021498502492424604,93,0.0
CALB,CALB/CALB_45_B253,0.02988940194040863,0.02988940194040863,94,0.0
CALB,CALB/CALB_45_B255,0.03277358257657285,0.03277358257657285,94,0.0
CALB,CALB/CALB_45_B256,0.03353566913628378,0.03353566913628378,93,0.0
CALCE,CALCE/CALCE_CS2_33,0.07376492171129159,0.09146633174189536,655,-0.01770141003060377
CALCE,CALCE/CALCE_CS2_34,0.03492539423555545,0.052336965117362806,627,-0.017411570881807358
CALCE,CALCE/CALCE_CS2_35,0.06915408810097455,0.08391860100655012,775,-0.014764512905575566
CALCE,CALCE/CALCE_CS2_36,0.0914648536184324,0.10692644744368482,827,-0.015461593825252418
CALCE,CALCE/CALCE_CS2_37,0.0758602253100844,0.08943618692678516,900,-0.013575961616700757
CALCE,CALCE/CALCE_CS2_38,0.06941753375357121,0.0837533681046934,898,-0.014335834351122193
CALCE,CALCE/CALCE_CX2_16,0.05869905169603193,0.04840238891405217,1274,0.010296662781979757
CALCE,CALCE/CALCE_CX2_33,0.0327769009580337,0.0265014995779145,1266,0.0062754013801192
CALCE,CALCE/CALCE_CX2_34,0.038177494127525996,0.052061915217967145,1358,-0.013884421090441149
CALCE,CALCE/CALCE_CX2_35,0.030563204927019583,0.03249491125866021,1449,-0.00193170633164063
CALCE,CALCE/CALCE_CX2_36,0.04525576826907221,0.05901696026406384,1563,-0.01376119199499163
CALCE,CALCE/CALCE_CX2_37,0.027004815245319294,0.040648712589857756,1067,-0.013643897344538462
CALCE,CALCE/CALCE_CX2_38,0.06102861419696096,0.07452504195574465,1574,-0.013496427758783687
HNEI,HNEI/HNEI_18650_NMC_LCO_25C_0-100_0.5-1.5C_a,0.1950198232796921,0.18859276869799407,1081,0.0064270545816980384
HNEI,HNEI/HNEI_18650_NMC_LCO_25C_0-100_0.5-1.5C_b,0.0363179659179355,0.05152815007657971,1074,-0.01521018415864421
HNEI,HNEI/HNEI_18650_NMC_LCO_25C_0-100_0.5-1.5C_c,0.04801908523774518,0.06715851563582305,1076,-0.019139430398077868
HNEI,HNEI/HNEI_18650_NMC_LCO_25C_0-100_0.5-1.5C_d,0.04986470110894942,0.06899470930096457,1076,-0.01913000819201515
HNEI,HNEI/HNEI_18650_NMC_LCO_25C_0-100_0.5-1.5C_e,0.049485105549845074,0.06883214056161119,1101,-0.019347035011766114
HNEI,HNEI/HNEI_18650_NMC_LCO_25C_0-100_0.5-1.5C_f,0.06608543612018546,0.08533204255014853,1069,-0.01924660642996308
HNEI,HNEI/HNEI_18650_NMC_LCO_25C_0-100_0.5-1.5C_g,0.06522661194844741,0.0845642973039564,1076,-0.01933768535550899
HNEI,HNEI/HNEI_18650_NMC_LCO_25C_0-100_0.5-1.5C_j,0.05020447738064435,0.06945957954155989,1070,-0.01925510216091554
HNEI,HNEI/HNEI_18650_NMC_LCO_25C_0-100_0.5-1.5C_l,0.05807625731751218,0.07733632499686187,1076,-0.019260067679349686
HNEI,HNEI/HNEI_18650_NMC_LCO_25C_0-100_0.5-1.5C_n,0.0454223919858696,0.06477303597918392,1076,-0.01935064399331432
HNEI,HNEI/HNEI_18650_NMC_LCO_25C_0-100_0.5-1.5C_o,0.018467847401187648,0.033503378869235725,1076,-0.015035531468048077
HNEI,HNEI/HNEI_18650_NMC_LCO_25C_0-100_0.5-1.5C_p,0.017449436138717044,0.03539142920955477,1074,-0.017941993070837728
HNEI,HNEI/HNEI_18650_NMC_LCO_25C_0-100_0.5-1.5C_s,0.0495773206776847,0.0687883934094712,1082,-0.019211072731786495
HNEI,HNEI/HNEI_18650_NMC_LCO_25C_0-100_0.5-1.5C_t,0.04878635549788121,0.0670961394430897,1078,-0.01830978394520849
HUST,HUST/HUST_1-1,0.019474125475966043,0.02382129061521774,1499,-0.004347165139251697
HUST,HUST/HUST_1-2,0.029370141617554458,0.033221267316644765,2673,-0.003851125699090307
HUST,HUST/HUST_1-3,0.03701967732233645,0.037613543015204136,1853,-0.0005938656928676858
HUST,HUST/HUST_1-4,0.03520809145528211,0.03569221243510342,1495,-0.00048412097982131197
HUST,HUST/HUST_1-5,0.03783046122813412,0.038853465698305216,1966,-0.0010230044701710975
HUST,HUST/HUST_1-6,0.04210134755776292,0.0463894818163035,1138,-0.004288134258540577
HUST,HUST/HUST_1-7,0.020680559428905596,0.027831006433451842,1673,-0.007150447004546246
HUST,HUST/HUST_1-8,0.02411547995210911,0.03156208320881658,2280,-0.007446603256707471
HUST,HUST/HUST_10-1,0.02425402401105305,0.030658976013589797,1697,-0.006404952002536747
HUST,HUST/HUST_10-2,0.03917534976135978,0.03932897182822564,1692,-0.00015362206686585916
HUST,HUST/HUST_10-3,0.030776358124737307,0.037307987395506746,1843,-0.006531629270769439
HUST,HUST/HUST_10-4,0.03170556817237273,0.03369889412827813,1806,-0.0019933259559054006
HUST,HUST/HUST_10-5,0.035134689239256216,0.035836741019240025,2025,-0.0007020517799838089
HUST,HUST/HUST_10-6,0.03257165026645294,0.03976808559181386,2280,-0.007196435325360927
HUST,HUST/HUST_10-7,0.033643036406185066,0.0336514363674997,1778,-8.399961314631277e-06
HUST,HUST/HUST_10-8,0.025446430234526016,0.03305526178014406,1395,-0.007608831545618047
HUST,HUST/HUST_2-2,0.033417667299609884,0.03616974939971166,2646,-0.002752082100101777
HUST,HUST/HUST_2-3,0.03516696558099517,0.03603077157078639,1746,-0.0008638059897912165
HUST,HUST/HUST_2-4,0.021781078028267405,0.02970361389540982,1494,-0.007922535867142415
HUST,HUST/HUST_2-5,0.034580865494097356,0.035343888319886836,1381,-0.0007630228257894806
HUST,HUST/HUST_2-6,0.03282038994726383,0.03301743214801711,1567,-0.0001970422007532835
HUST,HUST/HUST_2-7,0.03377785156554424,0.034100025908809374,2197,-0.00032217434326513306
HUST,HUST/HUST_2-8,0.026022882484258974,0.03681608448209113,1476,-0.010793201997832156
HUST,HUST/HUST_3-1,0.03697300702619711,0.03756419178676508,1933,-0.0005911847605679713
HUST,HUST/HUST_3-2,0.03892919506717479,0.03902955226153507,2278,-0.00010035719436028018
HUST,HUST/HUST_3-3,0.03550143926400727,0.03553463405996379,1644,-3.319479595652319e-05
HUST,HUST/HUST_3-4,0.029603665147959573,0.03487679635560848,1761,-0.005273131207648909
HUST,HUST/HUST_3-5,0.040532319745839346,0.04531364165786798,2652,-0.004781321912028631
HUST,HUST/HUST_3-6,0.037118952202722356,0.03723849143183794,2486,-0.00011953922911558251
HUST,HUST/HUST_3-7,0.03057627824152903,0.03705563246374267,2474,-0.006479354222213636
HUST,HUST/HUST_3-8,0.038142938698734793,0.03823242794956421,2337,-8.948925082941789e-05
HUST,HUST/HUST_4-1,0.03702978578033674,0.04153031990099724,2212,-0.004500534120660496
HUST,HUST/HUST_4-2,0.03132607015974308,0.03388252929718412,1777,-0.0025564591374410417
HUST,HUST/HUST_4-3,0.021192489083255404,0.0291415843352828,1137,-0.007949095252027395
HUST,HUST/HUST_4-4,0.02064210805316333,0.027982432490324876,1486,-0.007340324437161545
HUST,HUST/HUST_4-5,0.027538954049736292,0.033779396257265906,1556,-0.006240442207529614
HUST,HUST/HUST_4-6,0.02863910006553207,0.0353838470414511,1375,-0.0067447469759190325
HUST,HUST/HUST_4-7,0.030497787417878102,0.03701960858533087,2211,-0.0065218211674527675
HUST,HUST/HUST_4-8,0.033736300441508334,0.03451065179050046,1701,-0.0007743513489921264
HUST,HUST/HUST_5-1,0.029141959171513042,0.03297286143513513,2502,-0.0038309022636220866
HUST,HUST/HUST_5-2,0.0349713753503075,0.035473545226719215,1921,-0.0005021698764117177
HUST,HUST/HUST_5-3,0.02873697079120961,0.031034132482130484,2684,-0.002297161690920875
HUST,HUST/HUST_5-4,0.022479848503240883,0.028317832921639516,1957,-0.005837984418398633
HUST,HUST/HUST_5-5,0.036124690959282425,0.037008019688299386,1578,-0.0008833287290169606
HUST,HUST/HUST_5-6,0.028204631283036827,0.03238075312463088,2455,-0.004176121841594053
HUST,HUST/HUST_5-7,0.019247724579031664,0.025503618674051615,1443,-0.006255894095019952
HUST,HUST/HUST_6-1,0.019741697358358058,0.025122762060406322,1604,-0.005381064702048265
HUST,HUST/HUST_6-2,0.0387454414196901,0.039441619020793565,1903,-0.0006961776011034648
HUST,HUST/HUST_6-3,0.03446785674150727,0.034621422446783394,1799,-0.00015356570527612357
HUST,HUST/HUST_6-4,0.0233248241487102,0.02992627545352654,1712,-0.00660145130481634
HUST,HUST/HUST_6-5,0.02479078858112993,0.029996940952255097,2173,-0.005206152371125167
HUST,HUST/HUST_6-6,0.0419766331835594,0.042759856200453195,2463,-0.0007832230168937915
HUST,HUST/HUST_6-8,0.04331099307002203,0.04372502837217605,2445,-0.0004140353021540241
HUST,HUST/HUST_7-1,0.032825805813564465,0.0405603137391635,1685,-0.0077345079255990365
HUST,HUST/HUST_7-2,0.037983438713629566,0.03963331373574557,2025,-0.0016498750221160055
HUST,HUST/HUST_7-3,0.020122883573876493,0.02404767082496456,1290,-0.003924787251088066
HUST,HUST/HUST_7-4,0.020631073251819707,0.02302442166333132,1388,-0.002393348411511613
HUST,HUST/HUST_7-5,0.03130191198198069,0.03349737697432892,1868,-0.0021954649923482256
HUST,HUST/HUST_7-6,0.02000655761065971,0.026097926241760886,1414,-0.006091368631101175
HUST,HUST/HUST_7-7,0.02074794586487313,0.028543472527296786,1680,-0.007795526662423655
HUST,HUST/HUST_7-8,0.03197979623586947,0.03409916470539883,1933,-0.0021193684695293633
HUST,HUST/HUST_8-1,0.019805282218613426,0.024967804138594164,1303,-0.005162521919980737
HUST,HUST/HUST_8-2,0.023719088072863232,0.03112736945590992,2036,-0.007408281383046687
HUST,HUST/HUST_8-3,0.034062175355185915,0.03469108248259856,2285,-0.0006289071274126479
HUST,HUST/HUST_8-4,0.021006544592528754,0.028478829610923947,1880,-0.007472285018395194
HUST,HUST/HUST_8-5,0.02131148294903656,0.024010138160988487,1343,-0.002698655211951926
HUST,HUST/HUST_8-6,0.027568226226404834,0.03455051135197702,2360,-0.006982285125572189
HUST,HUST/HUST_8-7,0.026629439809891662,0.028513317386026592,2042,-0.0018838775761349305
HUST,HUST/HUST_8-8,0.03437805777844297,0.03442006026114429,1674,-4.2002482701315735e-05
HUST,HUST/HUST_9-1,0.04028638608952062,0.04046221381629959,2052,-0.0001758277267789668
HUST,HUST/HUST_9-2,0.034834943473622905,0.036616140800995504,2138,-0.0017811973273725995
HUST,HUST/HUST_9-3,0.035918243335539335,0.03828312944866113,1900,-0.0023648861131217933
HUST,HUST/HUST_9-4,0.037839549591145376,0.03864319909520701,1970,-0.0008036495040616362
HUST,HUST/HUST_9-5,0.03691989249319253,0.0372995801805258,2163,-0.00037968768733327024
HUST,HUST/HUST_9-6,0.03775998488804531,0.037503654857843946,1737,0.0002563300302013613
HUST,HUST/HUST_9-7,0.03344600349772047,0.03713501344916755,2007,-0.003689009951447081
HUST,HUST/HUST_9-8,0.035493989699931484,0.036247228448065036,2303,-0.0007532387481335515
MATR,MATR/MATR_b1c0,0.03783431312229049,0.03778089237196521,1843,5.342075032527954e-05
MATR,MATR/MATR_b1c1,0.04473556563903398,0.04574387851351914,2153,-0.0010083128744851552
MATR,MATR/MATR_b1c11,0.06116104118281973,0.06366279237983603,781,-0.0025017511970163026
MATR,MATR/MATR_b1c14,0.061646223249616994,0.06411600017348106,873,-0.0024697769238640616
MATR,MATR/MATR_b1c15,0.05654094674579168,0.05939818068922598,712,-0.0028572339434342967
MATR,MATR/MATR_b1c16,0.05039185650491511,0.05159718918912518,855,-0.001205332684210074
MATR,MATR/MATR_b1c17,0.052899267873416714,0.051487808836907935,850,0.001411459036508779
MATR,MATR/MATR_b1c18,0.04845035783144688,0.039026422287273925,683,0.009423935544172958
MATR,MATR/MATR_b1c19,0.047296731551243885,0.0500301253390595,781,-0.002733393787815612
MATR,MATR/MATR_b1c2,0.04441589067438418,0.044913839608686286,2229,-0.000497948934302106
MATR,MATR/MATR_b1c20,0.029696043865376328,0.023684466321330616,526,0.006011577544045712
MATR,MATR/MATR_b1c21,0.04014915164492385,0.03148375260755501,552,0.008665399037368841
MATR,MATR/MATR_b1c23,0.0665741287964693,0.06877388013206279,1007,-0.0021997513355934833
MATR,MATR/MATR_b1c24,0.08228408481103079,0.08377979013834135,1010,-0.0014957053273105536
MATR,MATR/MATR_b1c25,0.0746419852222763,0.07692175104894307,847,-0.002279765826666766
MATR,MATR/MATR_b1c26,0.05439850560389538,0.05700022331909964,863,-0.0026017177152042603
MATR,MATR/MATR_b1c27,0.0587417934228307,0.060445107304684484,835,-0.0017033138818537824
MATR,MATR/MATR_b1c28,0.07460404674196273,0.07434295424093965,853,0.00026109250102308856
MATR,MATR/MATR_b1c29,0.07712221941889402,0.07701124138559352,910,0.00011097803330049893
MATR,MATR/MATR_b1c3,0.04536482937799961,0.046574675996881074,1427,-0.0012098466188814605
MATR,MATR/MATR_b1c30,0.054554645714410405,0.05460269995263755,701,-4.805423822714511e-05
MATR,MATR/MATR_b1c31,0.05888822648131867,0.05838728772404648,869,0.0005009387572721888
MATR,MATR/MATR_b1c32,0.0668748151729901,0.06350017961327234,724,0.003374635559717759
MATR,MATR/MATR_b1c33,0.06607223028359141,0.0630589813981437,750,0.0030132488854477113
MATR,MATR/MATR_b1c34,0.06961411659919187,0.0707427015033794,735,-0.0011285849041875323
MATR,MATR/MATR_b1c35,0.06639484978280247,0.06760041442262049,695,-0.0012055646398180242
MATR,MATR/MATR_b1c36,0.07251330712375334,0.07237487051331046,697,0.00013843661044288247
MATR,MATR/MATR_b1c37,0.06966379058898169,0.06869781027670188,640,0.0009659803122798044
MATR,MATR/MATR_b1c38,0.05465740111778828,0.05469434422367885,610,-3.6943105890571704e-05
MATR,MATR/MATR_b1c39,0.05544710162202979,0.055294068482481036,618,0.00015303313954875136
MATR,MATR/MATR_b1c4,0.04637896872995926,0.04815189845008649,1702,-0.0017729297201272282
MATR,MATR/MATR_b1c40,0.07537998501134426,0.07705104184213592,959,-0.0016710568307916618
MATR,MATR/MATR_b1c41,0.08084994192569964,0.08141392831350128,1044,-0.0005639863878016405
MATR,MATR/MATR_b1c42,0.059967348260901755,0.058614029238979674,695,0.0013533190219220809
MATR,MATR/MATR_b1c43,0.055908409135361554,0.056542805306525536,644,-0.0006343961711639812
MATR,MATR/MATR_b1c44,0.06341130294529151,0.052214118011246556,608,0.011197184934044958
MATR,MATR/MATR_b1c45,0.06109420436733965,0.052509433736506725,592,0.008584770630832926
MATR,MATR/MATR_b1c5,0.04323269717975681,0.04259661737740868,1067,0.0006360798023481301
MATR,MATR/MATR_b1c6,0.03319523974893047,0.029831204388899135,629,0.0033640353600313325
MATR,MATR/MATR_b1c7,0.04763258575655791,0.034830898173682165,863,0.012801687582875747
MATR,MATR/MATR_b1c9,0.05631307967171307,0.05801749844481987,1046,-0.0017044187731068
MATR,MATR/MATR_b2c0,0.02905958727848922,0.03175167470453702,320,-0.0026920874260478005
MATR,MATR/MATR_b2c1,0.04709714108813123,0.05681168270008552,164,-0.009714541611954293
MATR,MATR/MATR_b2c10,0.029273411317756272,0.02471206654897211,590,0.004561344768784163
MATR,MATR/MATR_b2c11,0.029900472210005236,0.026824484102988433,499,0.0030759881070168034
MATR,MATR/MATR_b2c12,0.023178458724088438,0.026733143192241998,484,-0.00355468446815356
MATR,MATR/MATR_b2c13,0.028757596783347727,0.02641473953992056,514,0.0023428572434271676
MATR,MATR/MATR_b2c14,0.034750420468030827,0.030861890750913685,503,0.0038885297171171417
MATR,MATR/MATR_b2c17,0.03769799074501401,0.02908039566473462,519,0.00861759508027939
MATR,MATR/MATR_b2c18,0.02638032443704289,0.02283878261184435,517,0.00354154182519854
MATR,MATR/MATR_b2c19,0.017457614662974456,0.017590946944065624,483,-0.0001333322810911676
MATR,MATR/MATR_b2c2,0.04580950001210569,0.039905759877690704,458,0.005903740134414984
MATR,MATR/MATR_b2c20,0.03450630526777791,0.03220748211184056,525,0.0022988231559373518
MATR,MATR/MATR_b2c21,0.02808390750409568,0.025215240192027838,514,0.002868667312067842
MATR,MATR/MATR_b2c22,0.034316105173755995,0.030036334507829523,534,0.004279770665926472
MATR,MATR/MATR_b2c23,0.031580529156613385,0.025292908062690345,556,0.00628762109392304
MATR,MATR/MATR_b2c24,0.033024576289711276,0.02621183526981736,518,0.006812741019893917
MATR,MATR/MATR_b2c25,0.02436331091541155,0.02038963021111276,481,0.00397368070429879
MATR,MATR/MATR_b2c26,0.027091277501704626,0.023764342292937026,492,0.0033269352087676
MATR,MATR/MATR_b2c27,0.033225691715229745,0.028810411550399012,489,0.004415280164830733
MATR,MATR/MATR_b2c28,0.03787120472758889,0.02920911429545717,535,0.00866209043213172
MATR,MATR/MATR_b2c29,0.04057303042091753,0.03499213695848678,516,0.00558089346243075
MATR,MATR/MATR_b2c3,0.030282173143998187,0.03587140872546206,355,-0.0055892355814638715
MATR,MATR/MATR_b2c30,0.03463181367753151,0.02960111008412397,501,0.005030703593407536
MATR,MATR/MATR_b2c31,0.03670757443445562,0.03327164792184845,513,0.003435926512607164
MATR,MATR/MATR_b2c32,0.03924006944467208,0.03392848659356665,538,0.005311582851105431
MATR,MATR/MATR_b2c33,0.04141358618196879,0.03750097566117861,540,0.003912610520790179
MATR,MATR/MATR_b2c34,0.04229075324309165,0.03819250191175867,520,0.004098251331332979
MATR,MATR/MATR_b2c35,0.03736272308087869,0.03408846380942638,480,0.0032742592714523136
MATR,MATR/MATR_b2c36,0.040150177237492146,0.035418063143219526,554,0.00473211409427262
MATR,MATR/MATR_b2c37,0.0424054686414035,0.03666151016069549,496,0.0057439584807080085
MATR,MATR/MATR_b2c38,0.03918615734823115,0.034012552440781704,481,0.005173604907449447
MATR,MATR/MATR_b2c39,0.043053981647670964,0.03864388093881278,474,0.004410100708858181
MATR,MATR/MATR_b2c4,0.025604160333641705,0.02514575922894541,465,0.00045840110469629394
MATR,MATR/MATR_b2c40,0.029998106316826256,0.026320461369111876,524,0.00367764494771438
MATR,MATR/MATR_b2c41,0.036127771496761905,0.029825392402343803,446,0.006302379094418102
MATR,MATR/MATR_b2c42,0.03515868461230907,0.028837884035843468,486,0.006320800576465599
MATR,MATR/MATR_b2c43,0.03631114625966191,0.029508734984471447,481,0.006802411275190465
MATR,MATR/MATR_b2c44,0.03927198669418309,0.030675880498639604,472,0.008596106195543483
MATR,MATR/MATR_b2c45,0.03402083602654143,0.030734869899475475,508,0.003285966127065953
MATR,MATR/MATR_b2c46,0.03921090772868474,0.029567584129019525,443,0.009643323599665216
MATR,MATR/MATR_b2c47,0.03846128903403208,0.027056443258572427,739,0.011404845775459652
MATR,MATR/MATR_b2c5,0.03479638229831793,0.031122850466722588,501,0.0036735318315953384
MATR,MATR/MATR_b2c6,0.019911834287609047,0.024964541025098107,539,-0.00505270673748906
MATR,MATR/MATR_b3c0,0.03787403854657453,0.023897641350639192,1002,0.013976397195935335
MATR,MATR/MATR_b3c1,0.048043501055310446,0.03344404146038485,1056,0.014599459594925597
MATR,MATR/MATR_b3c10,0.0323063682779979,0.029819694735987102,1071,0.0024866735420107956
MATR,MATR/MATR_b3c11,0.03254923100175751,0.02010340883563144,810,0.01244582216612607
MATR,MATR/MATR_b3c12,0.04422741443402182,0.030902199241918473,925,0.013325215192103345
MATR,MATR/MATR_b3c13,0.032397205540460286,0.020341045949931746,809,0.01205615959052854
MATR,MATR/MATR_b3c14,0.04112157972967337,0.02758147920035898,851,0.01354010052931439
MATR,MATR/MATR_b3c15,0.036268421899763,0.024488954854226416,869,0.011779467045536587
MATR,MATR/MATR_b3c16,0.037099564870413174,0.037790664401399075,1631,-0.0006910995309859017
MATR,MATR/MATR_b3c17,0.050596746538543826,0.035826184174065745,1308,0.01477056236447808
MATR,MATR/MATR_b3c18,0.04020762028781762,0.028041669972379186,1139,0.012165950315438438
MATR,MATR/MATR_b3c19,0.04284052640669051,0.031382500439902254,1148,0.011458025966788257
MATR,MATR/MATR_b3c20,0.033100145692723466,0.019939201908587438,806,0.013160943784136028
MATR,MATR/MATR_b3c21,0.024846558229385737,0.013297126313472935,765,0.011549431915912803
MATR,MATR/MATR_b3c22,0.07064832913658961,0.05742825382369212,995,0.01322007531289749
MATR,MATR/MATR_b3c24,0.03299909697807971,0.01881198835456824,818,0.014187108623511472
MATR,MATR/MATR_b3c25,0.045183232817813716,0.034768207368266135,982,0.010415025449547581
MATR,MATR/MATR_b3c26,0.03984772396910369,0.029760563706224288,1021,0.0100871602628794
MATR,MATR/MATR_b3c27,0.04023512411979588,0.027332352949114243,843,0.012902771170681636
MATR,MATR/MATR_b3c28,0.017983027908012726,0.014999643050989546,534,0.0029833848570231802
MATR,MATR/MATR_b3c29,0.03706234087477438,0.02459770361958804,851,0.012464637255186338
MATR,MATR/MATR_b3c3,0.04929393168037781,0.034487895606149684,1108,0.014806036074228125
MATR,MATR/MATR_b3c30,0.04554220645749708,0.03174255872492604,928,0.013799647732571037
MATR,MATR/MATR_b3c31,0.048642428008659644,0.04277210972267259,724,0.005870318285987053
MATR,MATR/MATR_b3c33,0.04151937410333436,0.029391070693553716,1277,0.012128303409780643
MATR,MATR/MATR_b3c34,0.04557566117933632,0.032172187970417494,1151,0.013403473208918826
MATR,MATR/MATR_b3c35,0.035734462440210495,0.02597416940269689,1086,0.009760293037513603
MATR,MATR/MATR_b3c36,0.044098938350517335,0.02818072783370408,916,0.015918210516813254
MATR,MATR/MATR_b3c38,0.05379532367211975,0.038611264936325496,1928,0.015184058735794252
MATR,MATR/MATR_b3c39,0.05185890001779177,0.03741267413796158,1149,0.014446225879830188
MATR,MATR/MATR_b3c4,0.036358781024568756,0.02760412348524099,1041,0.008754657539327765
MATR,MATR/MATR_b3c40,0.03296816542232979,0.01994399827173012,789,0.013024167150599671
MATR,MATR/MATR_b3c41,0.04061697459348138,0.02871203334458791,779,0.01190494124889347
MATR,MATR/MATR_b3c44,0.04984969570772727,0.03473522384104801,933,0.01511447186667926
MATR,MATR/MATR_b3c45,0.04044546556762615,0.04087133846612452,1794,-0.0004258728984983737
MATR,MATR/MATR_b3c5,0.03767066856082038,0.02574331548100267,821,0.01192735307981771
MATR,MATR/MATR_b3c6,0.01716976056950488,0.015333034796589198,660,0.001836725772915682
MATR,MATR/MATR_b3c7,0.042147607259443554,0.043074991432004196,1829,-0.0009273841725606427
MATR,MATR/MATR_b3c8,0.03367749382999975,0.0190897933387938,821,0.014587700491205953
MATR,MATR/MATR_b3c9,0.05388850257432813,0.038795259715227036,1032,0.015093242859101096
MATR,MATR/MATR_b4c0,0.04144140648282444,0.04104620348272761,977,0.000395203000096829
MATR,MATR/MATR_b4c1,0.04254379872840294,0.04222780280272897,856,0.00031599592567397444
MATR,MATR/MATR_b4c10,0.0725134121896,0.07113687144564644,1077,0.001376540743953561
MATR,MATR/MATR_b4c11,0.04715133796506342,0.04041703477875343,925,0.006734303186309992
MATR,MATR/MATR_b4c12,0.05045592630578387,0.04974980958573626,893,0.0007061167200476115
MATR,MATR/MATR_b4c13,0.05454610217722621,0.05384647877002399,864,0.0006996234072022198
MATR,MATR/MATR_b4c14,0.08622010003917534,0.08354679431366166,762,0.0026733057255136777
MATR,MATR/MATR_b4c15,0.09456406209752535,0.0965612262458765,866,-0.0019971641483511465
MATR,MATR/MATR_b4c16,0.07279017960240555,0.06919927401135488,978,0.003590905591050672
MATR,MATR/MATR_b4c17,0.06644529287959192,0.06500194913110593,925,0.0014433437484859812
MATR,MATR/MATR_b4c18,0.06138374008395212,0.059748109861017536,1052,0.0016356302229345865
MATR,MATR/MATR_b4c19,0.07414364284919628,0.07386668918353759,1106,0.0002769536656586913
MATR,MATR/MATR_b4c2,0.04019885978832218,0.04015472996220378,779,4.412982611839977e-05
MATR,MATR/MATR_b4c20,0.037580123822086316,0.03460630184899026,799,0.0029738219730960566
MATR,MATR/MATR_b4c21,0.05531382469467242,0.053535109731141214,898,0.001778714963531207
MATR,MATR/MATR_b4c22,0.06992343145602602,0.06636055932759921,740,0.0035628721284268056
MATR,MATR/MATR_b4c23,0.05913728918468441,0.05334430306622223,1089,0.0057929861184621775
MATR,MATR/MATR_b4c24,0.04727338048504608,0.048712059904446554,1110,-0.001438679419400471
MATR,MATR/MATR_b4c25,0.08547414380551586,0.08440442528468883,562,0.0010697185208270316
MATR,MATR/MATR_b4c26,0.08202923366942586,0.08272259574277223,574,-0.0006933620733463736
MATR,MATR/MATR_b4c27,0.06364643364698455,0.06240991809597201,558,0.0012365155510125417
MATR,MATR/MATR_b4c28,0.050604791814017454,0.04912553720736078,877,0.0014792546066566756
MATR,MATR/MATR_b4c29,0.044415959416324716,0.04113707377416728,951,0.0032788856421574336
MATR,MATR/MATR_b4c3,0.07260897436308593,0.07352034868803563,906,-0.0009113743249496986
MATR,MATR/MATR_b4c30,0.044651929240822105,0.04586641743221324,714,-0.0012144881913911318
MATR,MATR/MATR_b4c31,0.1520479185360799,0.15495497074042164,827,-0.0029070522043417313
MATR,MATR/MATR_b4c32,0.06864813945929162,0.06818585542466034,834,0.0004622840346312773
MATR,MATR/MATR_b4c33,0.06507003541576462,0.05992736334887126,525,0.005142672066893353
MATR,MATR/MATR_b4c34,0.04206627088204375,0.040718791318236726,992,0.0013474795638070275
MATR,MATR/MATR_b4c35,0.04131328349530758,0.03892203840301256,1126,0.002391245092295019
MATR,MATR/MATR_b4c36,0.08355609130712358,0.08313242458528301,708,0.00042366672184056264
MATR,MATR/MATR_b4c37,0.07313676144070436,0.07101600895480388,1000,0.002120752485900476
MATR,MATR/MATR_b4c38,0.04770627196322246,0.043856025726250865,1225,0.0038502462369715967
MATR,MATR/MATR_b4c39,0.07000038862043502,0.06214196078170558,756,0.007858427838729441
MATR,MATR/MATR_b4c4,0.13968867437109717,0.14252416145463706,907,-0.002835487083539895
MATR,MATR/MATR_b4c40,0.041819180849266384,0.04026800000089838,1117,0.001551180848368007
MATR,MATR/MATR_b4c41,0.0672143313296524,0.06659746600923507,992,0.0006168653204173397
MATR,MATR/MATR_b4c42,0.062150419917051995,0.05690401620331124,910,0.005246403713740758
MATR,MATR/MATR_b4c43,0.0717918330301921,0.07366486511935565,946,-0.0018730320891635482
MATR,MATR/MATR_b4c44,0.06322124748684987,0.05915163514674244,1072,0.0040696123401074355
MATR,MATR/MATR_b4c5,0.05836594145332358,0.05529860312837587,1062,0.0030673383249477104
MATR,MATR/MATR_b4c6,0.06559635186766238,0.06071216316192336,772,0.00488418870573902
MATR,MATR/MATR_b4c7,0.06871969667745428,0.062261955247977396,557,0.0064577414294768876
MATR,MATR/MATR_b4c8,0.03725321923898353,0.03266835983910341,713,0.004584859399880119
MATR,MATR/MATR_b4c9,0.06907067632646097,0.07072939079613415,524,-0.001658714469673181
MICH,MICH/MICH_BLForm10_pouch_NMC_25C_0-100_1-1C_j,0.10945190098650623,0.11433745610181394,454,-0.004885555115307708
MICH,MICH/MICH_BLForm11_pouch_NMC_25C_0-100_1-1C_a,0.0644072177326638,0.07030710720598125,420,-0.00589988947331746
MICH,MICH/MICH_BLForm12_pouch_NMC_25C_0-100_1-1C_b,0.08435217432751461,0.09056722392932547,427,-0.006215049601810851
MICH,MICH/MICH_BLForm13_pouch_NMC_25C_0-100_1-1C_c,0.10086413936006801,0.10743474389083844,432,-0.006570604530770435
MICH,MICH/MICH_BLForm14_pouch_NMC_25C_0-100_1-1C_d,0.07532731184000101,0.08157508465325446,471,-0.006247772813253449
MICH,MICH/MICH_BLForm15_pouch_NMC_25C_0-100_1-1C_e,0.09993901472193642,0.10558898885835818,437,-0.005649974136421765
MICH,MICH/MICH_BLForm16_pouch_NMC_25C_0-100_1-1C_f,0.09585697990843813,0.10063472358736852,437,-0.004777743678930399
MICH,MICH/MICH_BLForm17_pouch_NMC_25C_0-100_1-1C_g,0.1351531518001151,0.13937468074454543,437,-0.004221528944430314
MICH,MICH/MICH_BLForm18_pouch_NMC_25C_0-100_1-1C_h,0.11225559668868476,0.11759439336200861,433,-0.005338796673323848
MICH,MICH/MICH_BLForm19_pouch_NMC_25C_0-100_1-1C_i,0.09403270839963461,0.10008559244776352,437,-0.006052884048128912
MICH,MICH/MICH_BLForm1_pouch_NMC_45C_0-100_1-1C_a,0.1536321139364533,0.15356350546817693,487,6.860846827635991e-05
MICH,MICH/MICH_BLForm20_pouch_NMC_25C_0-100_1-1C_j,0.12860856840778132,0.1339075494235612,437,-0.0052989810157798856
MICH,MICH/MICH_BLForm2_pouch_NMC_45C_0-100_1-1C_b,0.14787170904328928,0.1509818793408864,459,-0.003110170297597109
MICH,MICH/MICH_BLForm3_pouch_NMC_45C_0-100_1-1C_c,0.0752401457145522,0.08182105415804557,507,-0.0065809084434933635
MICH,MICH/MICH_BLForm4_pouch_NMC_45C_0-100_1-1C_d,0.15717080861057858,0.1567674901126418,487,0.00040331849793678876
MICH,MICH/MICH_BLForm5_pouch_NMC_45C_0-100_1-1C_e,0.150893640763005,0.15106141832895795,487,-0.000167777565952959
MICH,MICH/MICH_BLForm6_pouch_NMC_45C_0-100_1-1C_f,0.09694294918239169,0.10232561970886861,449,-0.005382670526476924
MICH,MICH/MICH_BLForm7_pouch_NMC_45C_0-100_1-1C_g,0.12102327040785203,0.12502706190620277,452,-0.004003791498350742
MICH,MICH/MICH_BLForm8_pouch_NMC_45C_0-100_1-1C_h,0.14948514636106464,0.14985306723660083,487,-0.0003679208755361929
MICH,MICH/MICH_BLForm9_pouch_NMC_45C_0-100_1-1C_i,0.2833153985767015,0.2820300163083233,569,0.0012853822683782101
MICH,MICH/MICH_MCForm21_pouch_NMC_25C_0-100_1-1C_a,0.05653207371626923,0.062055051288443255,471,-0.005522977572174029
MICH,MICH/MICH_MCForm22_pouch_NMC_25C_0-100_1-1C_b,0.12604565855293542,0.1303849318039348,486,-0.004339273250999365
MICH,MICH/MICH_MCForm23_pouch_NMC_25C_0-100_1-1C_c,0.06534117975326764,0.07126947520583408,535,-0.005928295452566443
MICH,MICH/MICH_MCForm24_pouch_NMC_25C_0-100_1-1C_d,0.0753425343149547,0.08134326137591663,471,-0.006000727060961927
MICH,MICH/MICH_MCForm25_pouch_NMC_25C_0-100_1-1C_e,0.0753003685942698,0.08149652092249458,584,-0.006196152328224777
MICH,MICH/MICH_MCForm26_pouch_NMC_25C_0-100_1-1C_f,0.06625199335555212,0.07235573065333957,584,-0.0061037372977874454
MICH,MICH/MICH_MCForm27_pouch_NMC_25C_0-100_1-1C_g,0.06607329182287654,0.07218218166020501,535,-0.006108889837328477
MICH,MICH/MICH_MCForm28_pouch_NMC_25C_0-100_1-1C_h,0.0824870024853848,0.08858925072642188,584,-0.00610224824103707
MICH,MICH/MICH_MCForm29_pouch_NMC_25C_0-100_1-1C_i,0.09978428747494963,0.10415574379063854,547,-0.004371456315688901
MICH,MICH/MICH_MCForm30_pouch_NMC_25C_0-100_1-1C_j,0.06592922404259882,0.07223366629811664,535,-0.0063044422555178226
MICH,MICH/MICH_MCForm31_pouch_NMC_45C_0-100_1-1C_a,0.08877691748633618,0.09434436222433613,506,-0.0055674447379999575
MICH,MICH/MICH_MCForm32_pouch_NMC_45C_0-100_1-1C_b,0.05306536457048395,0.05917914752141359,487,-0.006113782950929639
MICH,MICH/MICH_MCForm33_pouch_NMC_45C_0-100_1-1C_c,0.06915107833346285,0.0744115747073878,496,-0.00526049637392495
MICH,MICH/MICH_MCForm34_pouch_NMC_45C_0-100_1-1C_d,0.04296537538767226,0.0494791770424756,575,-0.006513801654803336
MICH,MICH/MICH_MCForm35_pouch_NMC_45C_0-100_1-1C_e,0.05320254730177918,0.059539481728598714,440,-0.0063369344268195335
MICH,MICH/MICH_MCForm36_pouch_NMC_45C_0-100_1-1C_f,0.0789756747558979,0.08573320235396081,536,-0.006757527598062918
MICH,MICH/MICH_MCForm37_pouch_NMC_45C_0-100_1-1C_g,0.05832504926205228,0.06482530359692064,536,-0.006500254334868359
MICH,MICH/MICH_MCForm38_pouch_NMC_45C_0-100_1-1C_h,0.0917641741371514,0.0968706663102038,497,-0.005106492173052396
MICH,MICH/MICH_MCForm39_pouch_NMC_45C_0-100_1-1C_i,0.07264716939667715,0.07875277944206252,536,-0.0061056100453853734
MICH,MICH/MICH_MCForm40_pouch_NMC_45C_0-100_1-1C_j,0.05561354999137181,0.06205373956726623,534,-0.006440189575894421
MICH_EXP,MICH_EXP/MICH_01R_pouch_NMC_25C_0-100_0.2-0.2C,0.07638841786657623,0.08875283919823873,374,-0.012364421331662503
MICH_EXP,MICH_EXP/MICH_02C_pouch_NMC_-5C_0-100_0.2-0.2C,0.013493108509634123,0.00844862659396903,288,0.005044481915665094
MICH_EXP,MICH_EXP/MICH_03H_pouch_NMC_45C_0-100_0.2-0.2C,0.0430743058617703,0.05785510093732029,98,-0.01478079507554999
MICH_EXP,MICH_EXP/MICH_04R_pouch_NMC_25C_0-100_1.5-1.5C,0.0916689215854347,0.10299078634920344,322,-0.011321864763768744
MICH_EXP,MICH_EXP/MICH_05C_pouch_NMC_-5C_0-100_1.5-1.5C,0.04323525931806747,0.03599259930381895,568,0.007242660014248524
MICH_EXP,MICH_EXP/MICH_06H_pouch_NMC_45C_0-100_1.5-1.5C,0.08785666416034318,0.10413739445560702,172,-0.016280730295263834
MICH_EXP,MICH_EXP/MICH_07R_pouch_NMC_25C_0-100_2-2C,0.1641458290109016,0.1783410053915787,240,-0.014195176380677105
MICH_EXP,MICH_EXP/MICH_08C_pouch_NMC_-5C_0-100_2-2C,0.01730881744167049,0.01725068250585568,568,5.813493581480894e-05
MICH_EXP,MICH_EXP/MICH_09H_pouch_NMC_45C_0-100_2-2C,0.146202962544859,0.16408238412969003,170,-0.017879421584831023
MICH_EXP,MICH_EXP/MICH_10R_pouch_NMC_25C_0-100_0.2-1.5C,0.0436181552402421,0.042147647600472,434,0.0014705076397701008
MICH_EXP,MICH_EXP/MICH_11C_pouch_NMC_-5C_0-100_0.2-1.5C,0.04316398436964537,0.05278421352522188,535,-0.009620229155576511
MICH_EXP,MICH_EXP/MICH_12H_pouch_NMC_45C_0-100_0.2-1.5C,0.11049597810772335,0.12421270579728447,177,-0.013716727689561115
MICH_EXP,MICH_EXP/MICH_13R_pouch_NMC_25C_50-100_0.2-0.2C,0.12774127028766818,0.12953189032731183,527,-0.0017906200396436422
MICH_EXP,MICH_EXP/MICH_14C_pouch_NMC_-5C_50-100_0.2-0.2C,0.11635926620275419,0.12389436561889729,447,-0.007535099416143096
MICH_EXP,MICH_EXP/MICH_15H_pouch_NMC_45C_50-100_0.2-0.2C,0.06806950164776264,0.07057495215029219,166,-0.002505450502529552
MICH_EXP,MICH_EXP/MICH_16R_pouch_NMC_25C_50-100_0.2-1.5C,0.1240773070232973,0.12778919181345308,527,-0.0037118847901557728
MICH_EXP,MICH_EXP/MICH_17C_pouch_NMC_-5C_50-100_0.2-1.5C,0.1166674766935037,0.12300218977769642,552,-0.006334713084192714
MICH_EXP,MICH_EXP/MICH_18H_pouch_NMC_45C_50-100_0.2-1.5C,0.09012172641009417,0.09739069081167073,290,-0.007268964401576566
RWTH,RWTH/RWTH_002,0.17397969317326897,0.174519863351253,2406,-0.0005401701779840229
RWTH,RWTH/RWTH_003,0.1651724300106522,0.16588929744987144,2432,-0.0007168674392192265
RWTH,RWTH/RWTH_004,0.16554186406183916,0.16639645275677686,2410,-0.000854588694937708
RWTH,RWTH/RWTH_005,0.16379481739702662,0.16465166382897756,2390,-0.0008568464319509417
RWTH,RWTH/RWTH_006,0.15933375053675808,0.16040915520650326,2413,-0.001075404669745178
RWTH,RWTH/RWTH_007,0.16427750314056766,0.165307699653747,2409,-0.0010301965131793434
RWTH,RWTH/RWTH_008,0.16952410330866619,0.170298924330834,2409,-0.0007748210221678042
RWTH,RWTH/RWTH_009,0.15152530397358366,0.1527306720657673,2392,-0.001205368092183634
RWTH,RWTH/RWTH_010,0.16366159693060067,0.16438869918197652,2436,-0.0007271022513758441
RWTH,RWTH/RWTH_011,0.16037126703560914,0.16112024288585083,2432,-0.0007489758502416954
RWTH,RWTH/RWTH_012,0.1516831854346395,0.1528246092007249,2442,-0.0011414237660854198
RWTH,RWTH/RWTH_013,0.16130781381817974,0.1623307260494569,2442,-0.001022912231277151
RWTH,RWTH/RWTH_014,0.16732913141824043,0.1680327921585238,2303,-0.0007036607402833572
RWTH,RWTH/RWTH_015,0.15255445611211998,0.1535094210251689,2282,-0.0009549649130489168
RWTH,RWTH/RWTH_016,0.15169255796640163,0.15262688866404645,2281,-0.000934330697644814
RWTH,RWTH/RWTH_017,0.1690369687305185,0.16936482348560025,2274,-0.0003278547550817634
RWTH,RWTH/RWTH_018,0.15723872036474104,0.15832622649126288,2239,-0.0010875061265218366
RWTH,RWTH/RWTH_019,0.16318264631385287,0.16372071690358764,2282,-0.0005380705897347626
RWTH,RWTH/RWTH_020,0.16201789370687095,0.16284871109366,2232,-0.0008308173867890567
RWTH,RWTH/RWTH_021,0.16916082809850744,0.169519682945719,2278,-0.00035885484721157046
RWTH,RWTH/RWTH_022,0.15567665388853238,0.15625344631593263,2277,-0.0005767924274002467
RWTH,RWTH/RWTH_023,0.13600577294271277,0.13727854191022934,2316,-0.0012727689675165743
RWTH,RWTH/RWTH_024,0.14452848298658877,0.14577022480886637,2315,-0.0012417418222775978
RWTH,RWTH/RWTH_025,0.16193233104087987,0.1629589300243625,2304,-0.0010265989834826461
RWTH,RWTH/RWTH_026,0.13702425234563442,0.13810929909097927,2002,-0.0010850467453448476
RWTH,RWTH/RWTH_027,0.14112587638366147,0.14206002777452575,2006,-0.0009341513908642796
RWTH,RWTH/RWTH_028,0.15272349753944253,0.15359854995180935,2005,-0.0008750524123668224
RWTH,RWTH/RWTH_029,0.13715514749842078,0.13808687124039115,2006,-0.0009317237419703694
RWTH,RWTH/RWTH_030,0.07014380336748546,0.07243703981403307,1483,-0.0022932364465476085
RWTH,RWTH/RWTH_031,0.1480787491908717,0.1492042979089838,2259,-0.0011255487181121016
RWTH,RWTH/RWTH_032,0.16715410747734655,0.16756203601191777,2277,-0.00040792853457122247
RWTH,RWTH/RWTH_033,0.18298946703661956,0.18345168511799542,2254,-0.00046221808137586473
RWTH,RWTH/RWTH_034,0.11390788667609866,0.11522145467123171,2121,-0.001313567995133047
RWTH,RWTH/RWTH_035,0.1102292436018519,0.111748552514104,2147,-0.0015193089122520903
RWTH,RWTH/RWTH_036,0.1352660443383183,0.13647090950592336,2144,-0.0012048651676050681
RWTH,RWTH/RWTH_037,0.1496113206631466,0.15042017909543035,2162,-0.0008088584322837322
RWTH,RWTH/RWTH_038,0.10625712002456773,0.10773226081728604,1959,-0.0014751407927183074
RWTH,RWTH/RWTH_039,0.11196854308644649,0.11303525216942457,1943,-0.0010667090829780818
RWTH,RWTH/RWTH_040,0.11841332839607817,0.1191836361197899,1939,-0.0007703077237117273
RWTH,RWTH/RWTH_041,0.1259398724823641,0.12690045033232322,1939,-0.0009605778499591211
RWTH,RWTH/RWTH_042,0.11694499722014333,0.11789268276965342,1891,-0.0009476855495100939
RWTH,RWTH/RWTH_043,0.1032669399337782,0.10494503712828863,1890,-0.001678097194510439
RWTH,RWTH/RWTH_044,0.11772568444732064,0.11862324522428624,1889,-0.0008975607769656085
RWTH,RWTH/RWTH_045,0.11432607132037503,0.11529316952185462,1890,-0.0009670982014795826
RWTH,RWTH/RWTH_046,0.1456165383563901,0.14663049534680775,2131,-0.001013956990417647
RWTH,RWTH/RWTH_047,0.14774322003298762,0.14850824826561537,2146,-0.0007650282326277513
RWTH,RWTH/RWTH_048,0.14125588394946173,0.14228379835526414,2131,-0.0010279144058024103
RWTH,RWTH/RWTH_049,0.13936139036905693,0.14027291812110074,2130,-0.0009115277520438114
SDU,SDU/SDU_Battery_1,0.06921318614294625,0.0633423518956259,956,0.00587083424732035
SDU,SDU/SDU_Battery_10,0.043117850089700004,0.028868536369914512,431,0.014249313719785491
SDU,SDU/SDU_Battery_11,0.06371502406217033,0.04433132111175288,550,0.019383702950417456
SDU,SDU/SDU_Battery_12,0.05312039792691311,0.03393094054350413,481,0.019189457383408978
SDU,SDU/SDU_Battery_13,0.05317243790615978,0.03402515066525157,516,0.01914728724090821
SDU,SDU/SDU_Battery_14,0.04929928026195735,0.030045273596620042,506,0.01925400666533731
SDU,SDU/SDU_Battery_15,0.06320259765925194,0.04389853697045315,581,0.019304060688798794
SDU,SDU/SDU_Battery_16,0.05756871951910684,0.03809936143969793,581,0.01946935807940891
SDU,SDU/SDU_Battery_17,0.05191106020722114,0.04775735576920472,405,0.004153704438016416
SDU,SDU/SDU_Battery_18,0.052780449790780094,0.049295416931575874,436,0.0034850328592042207
SDU,SDU/SDU_Battery_19,0.04677618851587448,0.04395353560323527,411,0.002822652912639209
SDU,SDU/SDU_Battery_2,0.07203582962474112,0.0669023754128053,890,0.005133454211935812
SDU,SDU/SDU_Battery_20,0.047711248319388715,0.04398585921915694,411,0.003725389100231777
SDU,SDU/SDU_Battery_21,0.035888220624730134,0.035516337899786705,481,0.00037188272494342867
SDU,SDU/SDU_Battery_22,0.05294490211378632,0.051166621377503683,486,0.0017782807362826392
SDU,SDU/SDU_Battery_23,0.07523698734812236,0.07104073595638345,481,0.004196251391738903
SDU,SDU/SDU_Battery_24,0.06011334014532964,0.051411109996955036,436,0.008702230148374603
SDU,SDU/SDU_Battery_25,0.05892672113497601,0.04862364712196883,436,0.010303074013007181
SDU,SDU/SDU_Battery_26,0.09825494511389525,0.09279632878846018,541,0.005458616325435067
SDU,SDU/SDU_Battery_27,0.0745151703598128,0.06962408090968232,486,0.004891089450130476
SDU,SDU/SDU_Battery_28,0.06527855695315608,0.058723902683694144,456,0.006554654269461939
SDU,SDU/SDU_Battery_29,0.06641678983566367,0.059584882207914455,486,0.006831907627749212
SDU,SDU/SDU_Battery_3,0.052996798186177856,0.040282671859719975,851,0.01271412632645788
SDU,SDU/SDU_Battery_30,0.05732304267144061,0.051159774090443234,441,0.006163268580997375
SDU,SDU/SDU_Battery_31,0.051945987763463375,0.05978209220616448,176,-0.007836104442701108
SDU,SDU/SDU_Battery_32,0.061404363363660036,0.0689068853400879,121,-0.007502521976427867
SDU,SDU/SDU_Battery_33,0.0477788251179132,0.05404095674155311,191,-0.006262131623639915
SDU,SDU/SDU_Battery_34,0.057638028811389366,0.06463084132382788,161,-0.006992812512438509
SDU,SDU/SDU_Battery_35,0.06050135345558963,0.06970005378677102,151,-0.009198700331181392
SDU,SDU/SDU_Battery_36,0.05878065144008121,0.0665746201448998,136,-0.007793968704818591
SDU,SDU/SDU_Battery_37,0.057184720411964644,0.06692132175578613,146,-0.00973660134382149
SDU,SDU/SDU_Battery_38,0.053976427217977976,0.06263469972413542,106,-0.008658272506157444
SDU,SDU/SDU_Battery_39,0.0749149057999399,0.08360535618269993,71,-0.008690450382760034
SDU,SDU/SDU_Battery_4,0.06577494703549543,0.05919033790866601,881,0.006584609126829413
SDU,SDU/SDU_Battery_40,0.07360029440833352,0.08061862141016019,66,-0.007018327001826669
SDU,SDU/SDU_Battery_41,0.06751474001805717,0.07521396760486457,86,-0.007699227586807397
SDU,SDU/SDU_Battery_42,0.06836646846719431,0.07598241105377426,71,-0.007615942586579952
SDU,SDU/SDU_Battery_43,0.07506793615845865,0.08321431949999512,71,-0.008146383341536473
SDU,SDU/SDU_Battery_44,0.06936506696685556,0.0778678768178806,61,-0.008502809851025042
SDU,SDU/SDU_Battery_45,0.07783430407014304,0.06164411792534175,1116,0.016190186144801284
SDU,SDU/SDU_Battery_46,0.0747053732123192,0.05832597581331999,1071,0.016379397398999206
SDU,SDU/SDU_Battery_47,0.07962757984305686,0.06293038444293095,1121,0.016697195400125917
SDU,SDU/SDU_Battery_48,0.07361186253592299,0.05472709346992399,1054,0.018884769065998994
SDU,SDU/SDU_Battery_49,0.07705648669133189,0.06674273853218099,1346,0.010313748159150898
SDU,SDU/SDU_Battery_5,0.061516622142536344,0.054602565851433006,1051,0.006914056291103338
SDU,SDU/SDU_Battery_50,0.07987671967284611,0.06612593021934629,1409,0.01375078945349982
SDU,SDU/SDU_Battery_51,0.07704664206015768,0.06410361116435415,1421,0.012943030895803537
SDU,SDU/SDU_Battery_52,0.07402479410917301,0.05833615501171919,1246,0.01568863909745382
SDU,SDU/SDU_Battery_53,0.05271126249956952,0.0605886668453916,121,-0.007877404345822084
SDU,SDU/SDU_Battery_54,0.044936338785877494,0.04946393665797887,191,-0.0045275978721013785
SDU,SDU/SDU_Battery_55,0.05179574783268725,0.056988274095463226,126,-0.0051925262627759775
SDU,SDU/SDU_Battery_56,0.05182764337398897,0.058013171331081234,141,-0.006185527957092263
SDU,SDU/SDU_Battery_57,0.051137123968936805,0.056677294640369774,86,-0.005540170671432969
SDU,SDU/SDU_Battery_58,0.06440403023556071,0.07322577111836195,71,-0.008821740882801243
SDU,SDU/SDU_Battery_59,0.05480860150057268,0.06230498505150753,86,-0.007496383550934849
SDU,SDU/SDU_Battery_6,0.07257999071865068,0.0667812014232517,1111,0.005798789295398982
SDU,SDU/SDU_Battery_60,0.05330044172113499,0.06082388544063838,81,-0.007523443719503392
SDU,SDU/SDU_Battery_61,0.07111370108976073,0.053351932073663004,391,0.017761769016097724
SDU,SDU/SDU_Battery_62,0.07663424784967801,0.061555345898397236,431,0.015078901951280775
SDU,SDU/SDU_Battery_63,0.037032922642446404,0.019403832584987242,361,0.017629090057459162
SDU,SDU/SDU_Battery_64,0.0642468445786859,0.047111623331685976,411,0.017135221246999927
SDU,SDU/SDU_Battery_65,0.030576664325312704,0.03450897636340901,230,-0.003932312038096304
SDU,SDU/SDU_Battery_66,0.02014649936458739,0.02496809229800391,271,-0.004821592933416521
SDU,SDU/SDU_Battery_67,0.04725517951835622,0.05688669820007114,181,-0.00963151868171492
SDU,SDU/SDU_Battery_68,0.0452781331644534,0.055239986491108437,191,-0.009961853326655036
SDU,SDU/SDU_Battery_69,0.07056549918933645,0.07977431600213018,71,-0.00920881681279373
SDU,SDU/SDU_Battery_7,0.07523200466315468,0.07056604004511352,1041,0.004665964618041155
SDU,SDU/SDU_Battery_70,0.06258605684037889,0.06935343604441749,106,-0.0067673792040385955
SDU,SDU/SDU_Battery_71,0.07654268183631711,0.08517413482858141,81,-0.008631452992264296
SDU,SDU/SDU_Battery_72,0.07651439557831669,0.0858204444976932,81,-0.009306048919376517
SDU,SDU/SDU_Battery_73,0.09865986657508691,0.09802978485077193,1175,0.0006300817243149737
SDU,SDU/SDU_Battery_74,0.10426434262152441,0.10422824868935714,1315,3.6093932167274856e-05
SDU,SDU/SDU_Battery_75,0.09665844825795195,0.0876095288248259,950,0.009048919433126051
SDU,SDU/SDU_Battery_76,0.08603460320502813,0.08415783816723857,1120,0.0018767650377895656
SDU,SDU/SDU_Battery_77,0.08375071456486997,0.08104194888909504,1066,0.002708765675774938
SDU,SDU/SDU_Battery_78,0.08119369022104435,0.07663673354551609,1021,0.004556956675528259
SDU,SDU/SDU_Battery_79,0.0881315629305398,0.08553921821854567,1076,0.0025923447119941267
SDU,SDU/SDU_Battery_8,0.04731390197340091,0.03870858934007113,706,0.008605312633329774
SDU,SDU/SDU_Battery_80,0.08419954246557931,0.08148998400924377,1060,0.0027095584563355396
SDU,SDU/SDU_Battery_81,0.09112682816846839,0.08979544034112065,1186,0.0013313878273477353
SDU,SDU/SDU_Battery_82,0.08696968519306718,0.08582910567426756,1140,0.001140579518799617
SDU,SDU/SDU_Battery_83,0.08356211899331016,0.0791886692916746,1195,0.004373449701635557
SDU,SDU/SDU_Battery_84,0.08123219959482322,0.07273066321260795,1131,0.008501536382215277
SDU,SDU/SDU_Battery_85,0.09137250874355055,0.08809629962158114,1201,0.003276209121969409
SDU,SDU/SDU_Battery_86,0.08239008389665128,0.07626363622585842,1036,0.006126447670792859
SDU,SDU/SDU_Battery_9,0.03596488398956472,0.022982844595691592,411,0.012982039393873126
SNL,SNL/SNL_18650_LFP_15C_0-100_0.5-2C_b,0.057606478882822824,0.05867880470083793,3749,-0.001072325818015106
SNL,SNL/SNL_18650_LFP_25C_0-100_0.5-0.5C_a,0.047222988533730054,0.04757641387118167,3045,-0.0003534253374516197
SNL,SNL/SNL_18650_LFP_25C_0-100_0.5-1C_a,0.06299958424622223,0.06391803578171204,3540,-0.000918451535489806
SNL,SNL/SNL_18650_LFP_25C_0-100_0.5-1C_b,0.06730835793905206,0.0629603860119424,3541,0.004347971927109659
SNL,SNL/SNL_18650_LFP_25C_0-100_0.5-1C_c,0.06591455325081157,0.06702859086794125,3033,-0.001114037617129679
SNL,SNL/SNL_18650_LFP_25C_0-100_0.5-1C_d,0.06625574417230709,0.06732003112267275,3033,-0.0010642869503656588
SNL,SNL/SNL_18650_LFP_25C_0-100_0.5-2C_a,0.054940608968347605,0.05600950584371262,3539,-0.0010688968753650163
SNL,SNL/SNL_18650_LFP_25C_0-100_0.5-2C_b,0.0656027284751356,0.06465075030140031,4045,0.0009519781737352823
SNL,SNL/SNL_18650_LFP_25C_0-100_0.5-3C_a,0.0464817738745256,0.04524441817376208,4564,0.0012373557007635191
SNL,SNL/SNL_18650_LFP_25C_0-100_0.5-3C_b,0.042103589163649174,0.04230864616981867,4057,-0.00020505700616949701
SNL,SNL/SNL_18650_LFP_25C_0-100_0.5-3C_c,0.04463499830244313,0.04477846612998875,3550,-0.0001434678275456236
SNL,SNL/SNL_18650_LFP_25C_0-100_0.5-3C_d,0.04166619919403289,0.041922778190694766,4057,-0.0002565789966618784
SNL,SNL/SNL_18650_LFP_35C_0-100_0.5-1C_a,0.022407285371303824,0.01870249006413197,3151,0.0037047953071718542
SNL,SNL/SNL_18650_LFP_35C_0-100_0.5-1C_b,0.020743136263329947,0.01823956624898666,3337,0.002503570014343287
SNL,SNL/SNL_18650_LFP_35C_0-100_0.5-1C_c,0.025769203618680306,0.01517331503311327,3337,0.010595888585567035
SNL,SNL/SNL_18650_LFP_35C_0-100_0.5-1C_d,0.026378056861383746,0.02334354918903957,3793,0.0030345076723441756
SNL,SNL/SNL_18650_LFP_35C_0-100_0.5-2C_a,0.024959680901179664,0.022532353127166876,3851,0.002427327774012788
SNL,SNL/SNL_18650_LFP_35C_0-100_0.5-2C_b,0.024640353956865844,0.021981400071347544,3593,0.0026589538855182997
SNL,SNL/SNL_18650_NCA_15C_0-100_0.5-1C_a,0.084730205928853,0.09492173327343303,517,-0.010191527344580037
SNL,SNL/SNL_18650_NCA_15C_0-100_0.5-1C_b,0.04438173700929103,0.057646050117675644,913,-0.013264313108384614
SNL,SNL/SNL_18650_NCA_15C_0-100_0.5-2C_a,0.14133058359993833,0.13931471714800533,911,0.002015866451932996
SNL,SNL/SNL_18650_NCA_15C_0-100_0.5-2C_b,0.11645823602363457,0.11674455223657786,779,-0.0002863162129432828
SNL,SNL/SNL_18650_NCA_25C_0-100_0.5-0.5C_a,0.0893091488547208,0.10262434442878593,508,-0.01331519557406513
SNL,SNL/SNL_18650_NCA_25C_0-100_0.5-0.5C_b,0.2501275609389053,0.2466363914944597,910,0.0034911694444456076
SNL,SNL/SNL_18650_NCA_25C_0-100_0.5-1C_a,0.056784039010178616,0.07013112341444211,649,-0.013347084404263493
SNL,SNL/SNL_18650_NCA_25C_0-100_0.5-1C_b,0.08472829297827146,0.09946728098352857,517,-0.014738988005257109
SNL,SNL/SNL_18650_NCA_25C_0-100_0.5-1C_c,0.08759411271559403,0.0920436461441852,517,-0.004449533428591168
SNL,SNL/SNL_18650_NCA_25C_0-100_0.5-1C_d,0.07677778761888274,0.0896978764990046,649,-0.01292008888012186
SNL,SNL/SNL_18650_NCA_25C_0-100_0.5-2C_a,0.10252322705411748,0.11263772039178355,781,-0.010114493337666064
SNL,SNL/SNL_18650_NCA_25C_0-100_0.5-2C_b,0.07723609365625368,0.0851290816691597,781,-0.007892988012906013
SNL,SNL/SNL_18650_NCA_25C_20-80_0.5-0.5C_a,0.08680692523783361,0.09795557314226545,1117,-0.011148647904431847
SNL,SNL/SNL_18650_NCA_25C_20-80_0.5-0.5C_b,0.05778678040646158,0.06688265860862082,1244,-0.009095878202159235
SNL,SNL/SNL_18650_NCA_25C_20-80_0.5-0.5C_c,0.07778394075264615,0.09033564712522787,1245,-0.012551706372581725
SNL,SNL/SNL_18650_NCA_25C_20-80_0.5-0.5C_d,0.09379784052578281,0.10524015133111049,1503,-0.011442310805327677
SNL,SNL/SNL_18650_NCA_35C_0-100_0.5-1C_a,0.06757132752620491,0.06886951937140016,510,-0.0012981918451952512
SNL,SNL/SNL_18650_NCA_35C_0-100_0.5-1C_b,0.07231124668913898,0.07842542805531859,459,-0.006114181366179611
SNL,SNL/SNL_18650_NCA_35C_0-100_0.5-1C_c,0.04163381594394624,0.051701998089491163,510,-0.010068182145544925
SNL,SNL/SNL_18650_NCA_35C_0-100_0.5-1C_d,0.07027268994258866,0.07840027972969395,649,-0.008127589787105288
SNL,SNL/SNL_18650_NCA_35C_0-100_0.5-2C_a,0.11923576920265332,0.1266462028525249,649,-0.007410433649871581
SNL,SNL/SNL_18650_NCA_35C_0-100_0.5-2C_b,0.11279753943214998,0.11998928503562892,781,-0.007191745603478933
SNL,SNL/SNL_18650_NMC_15C_0-100_0.5-1C_a,0.167597710749051,0.17998222899228597,508,-0.012384518243234971
SNL,SNL/SNL_18650_NMC_15C_0-100_0.5-1C_b,0.12340414195247694,0.13375534191958627,508,-0.010351199967109329
SNL,SNL/SNL_18650_NMC_15C_0-100_0.5-2C_a,0.1589885944061353,0.17334628177216138,384,-0.014357687366026078
SNL,SNL/SNL_18650_NMC_15C_0-100_0.5-2C_b,0.14856016826953292,0.16239833939819345,384,-0.013838171128660537
SNL,SNL/SNL_18650_NMC_25C_0-100_0.5-0.5C_b,0.07840131126975045,0.09301925362292261,674,-0.014617942353172167
SNL,SNL/SNL_18650_NMC_25C_0-100_0.5-1C_a,0.04389137108516624,0.04991924152661693,516,-0.006027870441450686
SNL,SNL/SNL_18650_NMC_25C_0-100_0.5-1C_b,0.0409210724215796,0.04213063166848256,780,-0.0012095592469029623
SNL,SNL/SNL_18650_NMC_25C_0-100_0.5-1C_c,0.07438074956913343,0.08036096451877889,392,-0.005980214949645457
SNL,SNL/SNL_18650_NMC_25C_0-100_0.5-1C_d,0.04943779497410216,0.05742023293173554,524,-0.007982437957633377
SNL,SNL/SNL_18650_NMC_25C_0-100_0.5-2C_a,0.07634352190807081,0.08614398603887902,656,-0.009800464130808206
SNL,SNL/SNL_18650_NMC_25C_0-100_0.5-2C_b,0.060208209344309024,0.06175493405578859,1316,-0.001546724711479569
SNL,SNL/SNL_18650_NMC_25C_0-100_0.5-3C_a,0.045522430176987094,0.049066624255106515,725,-0.003544194078119421
SNL,SNL/SNL_18650_NMC_25C_0-100_0.5-3C_b,0.02350709158810104,0.020403377262811138,547,0.003103714325289903
SNL,SNL/SNL_18650_NMC_25C_0-100_0.5-3C_c,0.029550039846790718,0.026099004766317376,693,0.0034510350804733414
SNL,SNL/SNL_18650_NMC_25C_0-100_0.5-3C_d,0.02671683424728187,0.02419710243197826,900,0.00251973181530361
SNL,SNL/SNL_18650_NMC_35C_0-100_0.5-1C_a,0.01332274200755518,0.014019041904417287,781,-0.0006962998968621063
SNL,SNL/SNL_18650_NMC_35C_0-100_0.5-1C_b,0.01628931085851089,0.01726994127600715,781,-0.000980630417496263
SNL,SNL/SNL_18650_NMC_35C_0-100_0.5-1C_c,0.012658395871523466,0.009733243423409805,780,0.002925152448113661
SNL,SNL/SNL_18650_NMC_35C_0-100_0.5-1C_d,0.015183358241067462,0.013529630255007623,781,0.0016537279860598386
SNL,SNL/SNL_18650_NMC_35C_0-100_0.5-2C_a,0.03027767185517191,0.03937104084287195,781,-0.009093368987700037
SNL,SNL/SNL_18650_NMC_35C_0-100_0.5-2C_b,0.013168436340345714,0.014319902238927339,767,-0.0011514658985816249
UL_PUR,UL_PUR/UL-PUR_N10-EX9_18650_NCA_23C_0-100_0.5-0.5C_i,0.06098136565045113,0.07537962289325903,189,-0.014398257242807896
UL_PUR,UL_PUR/UL-PUR_N10-NA7_18650_NCA_23C_0-100_0.5-0.5C_g,0.0172213591674484,0.03151452098404172,159,-0.01429316181659332
UL_PUR,UL_PUR/UL-PUR_N10-OV8_18650_NCA_23C_0-100_0.5-0.5C_h,0.06566385423143085,0.0804069426040177,186,-0.014743088372586852
UL_PUR,UL_PUR/UL-PUR_N15-EX4_18650_NCA_23C_0-100_0.5-0.5C_d,0.04019873099978436,0.036175191922872996,219,0.004023539076911366
UL_PUR,UL_PUR/UL-PUR_N15-NA10_18650_NCA_23C_0-100_0.5-0.5C_j,0.01635917759496228,0.029045791402661347,254,-0.012686613807699067
UL_PUR,UL_PUR/UL-PUR_N15-OV3_18650_NCA_23C_0-100_0.5-0.5C_c,0.02650927976538381,0.016920236004481826,186,0.009589043760901982
UL_PUR,UL_PUR/UL-PUR_N20-EX2_18650_NCA_23C_0-100_0.5-0.5C_b,0.02042217700714425,0.03530488082263591,304,-0.014882703815491657
UL_PUR,UL_PUR/UL-PUR_N20-NA5_18650_NCA_23C_0-100_0.5-0.5C_e,0.04819847899647346,0.05475791249039279,207,-0.0065594334939193255
UL_PUR,UL_PUR/UL-PUR_N20-NA6_18650_NCA_23C_0-100_0.5-0.5C_f,0.053700902471022445,0.060828823025232494,206,-0.007127920554210049
UL_PUR,UL_PUR/UL-PUR_N20-OV1_18650_NCA_23C_0-100_0.5-0.5C_a,0.022246882198462638,0.0344851082427171,285,-0.012238226044254459
XJTU,XJTU/XJTU_2C_battery-1,0.13051016717134464,0.14107591107026807,384,-0.010565743898923424
XJTU,XJTU/XJTU_2C_battery-2,0.13016421811228873,0.14096647090467035,401,-0.010802252792381617
XJTU,XJTU/XJTU_2C_battery-3,0.1256150485331902,0.1362031574638443,387,-0.010588108930654094
XJTU,XJTU/XJTU_2C_battery-4,0.13232818163064516,0.14277380699696646,390,-0.010445625366321293
XJTU,XJTU/XJTU_2C_battery-5,0.10844879390199923,0.1202471354768493,397,-0.011798341574850074
XJTU,XJTU/XJTU_2C_battery-6,0.11827497380087929,0.13068280728714485,402,-0.012407833486265563
XJTU,XJTU/XJTU_2C_battery-7,0.08830073541992915,0.09939810801234802,396,-0.011097372592418872
XJTU,XJTU/XJTU_2C_battery-8,0.11909319612563099,0.13103018253366824,414,-0.011936986408037253
XJTU,XJTU/XJTU_3C_battery-1,0.12025664426187097,0.129524385548523,293,-0.009267741286652031
XJTU,XJTU/XJTU_3C_battery-10,0.09788313793772843,0.10455386631551386,158,-0.006670728377785429
XJTU,XJTU/XJTU_3C_battery-11,0.08978565252438751,0.09451036774930395,125,-0.004724715224916437
XJTU,XJTU/XJTU_3C_battery-12,0.12111395793267976,0.12990462300308292,206,-0.008790665070403159
XJTU,XJTU/XJTU_3C_battery-13,0.12382026988045866,0.13261095836559844,220,-0.00879068848513978
XJTU,XJTU/XJTU_3C_battery-14,0.09711280532141012,0.10296589537781181,141,-0.005853090056401694
XJTU,XJTU/XJTU_3C_battery-15,0.10056785901229219,0.10712661854912965,162,-0.006558759536837461
XJTU,XJTU/XJTU_3C_battery-2,0.11944941065524545,0.12878304805568366,286,-0.009333637400438216
XJTU,XJTU/XJTU_3C_battery-3,0.12147579157180657,0.12919915863400902,280,-0.007723367062202446
XJTU,XJTU/XJTU_3C_battery-4,0.11436527933343026,0.12212359576546829,316,-0.0077583164320380316
XJTU,XJTU/XJTU_3C_battery-5,0.11573803520028364,0.12423931758465728,291,-0.008501282384373643
XJTU,XJTU/XJTU_3C_battery-6,0.12495509757335152,0.1346075033562561,316,-0.009652405782904577
XJTU,XJTU/XJTU_3C_battery-7,0.1250822276972987,0.13298146498300542,313,-0.007899237285706712
XJTU,XJTU/XJTU_3C_battery-8,0.12163444659919988,0.132287554613132,264,-0.010653108013932114
XJTU,XJTU/XJTU_3C_battery-9,0.12692684617590388,0.13685597215264764,281,-0.009929125976743752
