domain,cell_id,records,mae_pchp_method,mae_fixed_shift,mae_protected_state
AMPERE_A123_LFP,AMPERE_A123_LFP/Cell1a,27,0.12082664428191227,0.13859667524717076,0.12900415079596786
AMPERE_A123_LFP,AMPERE_A123_LFP/Cell1b,29,0.1805408600462043,0.19828166569292846,0.1889676543526018
AMPERE_A123_LFP,AMPERE_A123_LFP/Cell1c,28,0.13001046483109377,0.14715361445781333,0.13770463247049283
AMPERE_A123_LFP,AMPERE_A123_LFP/Cell2a,28,0.16585119871043444,0.18350180212757877,0.1749303735561502
AMPERE_A123_LFP,AMPERE_A123_LFP/Cell2b,29,0.1829044576253618,0.20014583693570664,0.1904679227853638
AMPERE_A123_LFP,AMPERE_A123_LFP/Cell2c,28,0.15280943305099623,0.17066657590813913,0.16209514733671054
AMPERE_A123_LFP,AMPERE_A123_LFP/Cell3a,35,0.19434023169953193,0.2109238709256131,0.20141284641970117
AMPERE_A123_LFP,AMPERE_A123_LFP/Cell3b,36,0.1859744501508854,0.2025240024820256,0.19300100427414976
AMPERE_A123_LFP,AMPERE_A123_LFP/Cell4a,39,0.1804719699955163,0.19737034353410143,0.18788316404692193
AMPERE_A123_LFP,AMPERE_A123_LFP/Cell4b,41,0.2544793200032184,0.2713061738432333,0.2615937257468167
AMPERE_A123_LFP,AMPERE_A123_LFP/Cell4c,40,0.21043303036433994,0.2271653277699041,0.2176653277699041
AMPERE_A123_LFP,AMPERE_A123_LFP/Cell5a,38,0.21463960975065688,0.23230902181617494,0.22283533760564858
AMPERE_A123_LFP,AMPERE_A123_LFP/Cell5b,37,0.1849918430016392,0.2023297953106284,0.19318573920131185
AMPERE_A123_LFP,AMPERE_A123_LFP/Cell5c,37,0.1852007635649641,0.20268063109313267,0.1933677934026893
AMPERE_A123_LFP,AMPERE_A123_LFP/Cell6a,59,0.283249390943059,0.30126454260254987,0.29147060794152607
AMPERE_A123_LFP,AMPERE_A123_LFP/Cell6b,62,0.21502494863488242,0.23315438320430398,0.22354830907503576
AMPERE_A123_LFP,AMPERE_A123_LFP/Cell6c,62,0.2333811506663806,0.2512302696951828,0.24188185687483335
AMPERE_A123_LFP,AMPERE_A123_LFP/Cell7a,28,0.35603126184435585,0.37391493236153667,0.3642683715764086
AMPERE_A123_LFP,AMPERE_A123_LFP/Cell7b,30,0.26454393107543084,0.28253637088225503,0.272536370882255
AMPERE_A123_LFP,AMPERE_A123_LFP/Cell7c,30,0.2899580904914712,0.3064293768141014,0.2965081740183824
IMPERIAL_M50T,IMPERIAL_M50T/Expt 1 - Si-based Degradation/cell_A,9,0.0684794069735543,0.07856491477330949,0.07745380366219838
IMPERIAL_M50T,IMPERIAL_M50T/Expt 1 - Si-based Degradation/cell_B,9,0.10832344975904507,0.11943456087015619,0.11832344975904507
IMPERIAL_M50T,IMPERIAL_M50T/Expt 1 - Si-based Degradation/cell_D,8,0.06469894021579878,0.06469894021579878,0.07469894021579879
IMPERIAL_M50T,IMPERIAL_M50T/Expt 1 - Si-based Degradation/cell_E,9,0.06491001801653493,0.06755057899736738,0.07268779579431271
IMPERIAL_M50T,IMPERIAL_M50T/Expt 1 - Si-based Degradation/cell_F,9,0.10172886746523296,0.10950077805062777,0.11061188916173888
IMPERIAL_M50T,IMPERIAL_M50T/Expt 1 - Si-based Degradation/cell_J,5,0.05338008557519534,0.05338008557519534,0.06338008557519534
IMPERIAL_M50T,IMPERIAL_M50T/Expt 1 - Si-based Degradation/cell_K,5,0.06377311010855766,0.06377311010855766,0.07377311010855767
IMPERIAL_M50T,IMPERIAL_M50T/Expt 1 - Si-based Degradation/cell_L,5,0.06666512665365516,0.06666512665365516,0.07666512665365517
IMPERIAL_M50T,IMPERIAL_M50T/Expt 1 - Si-based Degradation/cell_M,5,0.07047072362385262,0.07047072362385262,0.08047072362385263
IMPERIAL_M50T,"IMPERIAL_M50T/Expt 2,2 - C-based Degradation 2/cell_A",8,0.2773455448890369,0.2773455448890369,0.2873455448890369
IMPERIAL_M50T,"IMPERIAL_M50T/Expt 2,2 - C-based Degradation 2/cell_B",8,0.29699582878882025,0.29699582878882025,0.30699582878882026
IMPERIAL_M50T,"IMPERIAL_M50T/Expt 2,2 - C-based Degradation 2/cell_C",8,0.2413068557957032,0.2413068557957032,0.2513068557957032
IMPERIAL_M50T,"IMPERIAL_M50T/Expt 2,2 - C-based Degradation 2/cell_D",8,0.2382985462909637,0.2382985462909637,0.2482985462909637
IMPERIAL_M50T,"IMPERIAL_M50T/Expt 2,2 - C-based Degradation 2/cell_E",8,0.21143484735954338,0.21143484735954338,0.22143484735954339
IMPERIAL_M50T,"IMPERIAL_M50T/Expt 2,2 - C-based Degradation 2/cell_F",8,0.2097276080479499,0.2097276080479499,0.2197276080479499
IMPERIAL_M50T,IMPERIAL_M50T/Expt 3 - Cathode Degradation and Li-Plating/cell_A,5,0.45512339308442007,0.45072218762863264,0.4607221876286327
IMPERIAL_M50T,IMPERIAL_M50T/Expt 3 - Cathode Degradation and Li-Plating/cell_B,5,0.46077864585237516,0.46077864585237516,0.4707786458523751
IMPERIAL_M50T,IMPERIAL_M50T/Expt 3 - Cathode Degradation and Li-Plating/cell_C,5,0.46638896973151966,0.46638896973151966,0.47638896973151973
IMPERIAL_M50T,IMPERIAL_M50T/Expt 3 - Cathode Degradation and Li-Plating/cell_D,6,0.3288973312288764,0.3288973312288764,0.3388973312288764
IMPERIAL_M50T,IMPERIAL_M50T/Expt 3 - Cathode Degradation and Li-Plating/cell_E,6,0.30016519896679394,0.2904399799266351,0.3004399799266351
IMPERIAL_M50T,IMPERIAL_M50T/Expt 3 - Cathode Degradation and Li-Plating/cell_F,6,0.3209551237386034,0.3209551237386034,0.3309551237386034
IMPERIAL_M50T,IMPERIAL_M50T/Expt 3 - Cathode Degradation and Li-Plating/cell_G,6,0.22086132413109408,0.21419465746442742,0.22419465746442743
IMPERIAL_M50T,IMPERIAL_M50T/Expt 3 - Cathode Degradation and Li-Plating/cell_H,7,0.2137879401150679,0.20807365440078218,0.21807365440078216
IMPERIAL_M50T,IMPERIAL_M50T/Expt 3 - Cathode Degradation and Li-Plating/cell_I,7,0.20871823433468764,0.20116360191638125,0.21116360191638125
IMPERIAL_M50T,IMPERIAL_M50T/Expt 4 - Drive Cycle Aging (Control)/cell_A,4,0.3118954629880155,0.3118954629880155,0.3218954629880155
IMPERIAL_M50T,IMPERIAL_M50T/Expt 4 - Drive Cycle Aging (Control)/cell_B,4,0.2113595011965043,0.20135950119650428,0.2113595011965043
IMPERIAL_M50T,IMPERIAL_M50T/Expt 4 - Drive Cycle Aging (Control)/cell_C,4,0.19032970672911456,0.18032970672911455,0.19032970672911456
IMPERIAL_M50T,IMPERIAL_M50T/Expt 4 - Drive Cycle Aging (Control)/cell_D,4,0.23811440179841756,0.23811440179841756,0.24811440179841757
IMPERIAL_M50T,IMPERIAL_M50T/Expt 4 - Drive Cycle Aging (Control)/cell_E,4,0.23791310886750652,0.23791310886750652,0.24791310886750653
IMPERIAL_M50T,IMPERIAL_M50T/Expt 4 - Drive Cycle Aging (Control)/cell_F,4,0.22876409389736974,0.22876409389736974,0.23876409389736974
IMPERIAL_M50T,IMPERIAL_M50T/Expt 4 - Drive Cycle Aging (Control)/cell_G,4,0.21884603396127814,0.21884603396127814,0.22884603396127814
IMPERIAL_M50T,IMPERIAL_M50T/Expt 4 - Drive Cycle Aging (Control)/cell_H,4,0.22067101998374664,0.22067101998374664,0.23067101998374664
IMPERIAL_M50T,IMPERIAL_M50T/Expt 5 - Standard Cycle Aging (Control)/cell_A,9,0.2112795374815802,0.1935017597038024,0.20350175970380244
IMPERIAL_M50T,IMPERIAL_M50T/Expt 5 - Standard Cycle Aging (Control)/cell_B,9,0.2343955069655882,0.2255066180766993,0.23550661807669934
IMPERIAL_M50T,IMPERIAL_M50T/Expt 5 - Standard Cycle Aging (Control)/cell_C,9,0.2097082070661985,0.19859709595508737,0.20859709595508738
IMPERIAL_M50T,IMPERIAL_M50T/Expt 5 - Standard Cycle Aging (Control)/cell_D,9,0.19875155998391447,0.19875155998391447,0.20875155998391448
IMPERIAL_M50T,IMPERIAL_M50T/Expt 5 - Standard Cycle Aging (Control)/cell_E,9,0.19550983211704734,0.19550983211704734,0.20550983211704738
IMPERIAL_M50T,IMPERIAL_M50T/Expt 5 - Standard Cycle Aging (Control)/cell_F,9,0.14958986085372994,0.14454372680431674,0.15454372680431674
IMPERIAL_M50T,IMPERIAL_M50T/Expt 5 - Standard Cycle Aging (Control)/cell_G,9,0.1451483282964373,0.13957728412909295,0.14957728412909296
IMPERIAL_M50T,IMPERIAL_M50T/Expt 5 - Standard Cycle Aging (Control)/cell_H,9,0.1423311659268361,0.13788672148239164,0.14788672148239165
ISU_ILCC_NMC,ISU_ILCC_NMC/G10C1,12,0.0949747570953781,0.1129266644810819,0.1029266644810819
ISU_ILCC_NMC,ISU_ILCC_NMC/G10C2,15,0.07424045034837837,0.09292213531825926,0.08292213531825926
ISU_ILCC_NMC,ISU_ILCC_NMC/G10C3,12,0.1318810251788103,0.14516551700030397,0.13565582394149275
ISU_ILCC_NMC,ISU_ILCC_NMC/G10C4,26,0.11318407442739614,0.12587613396494945,0.11857535793595378
ISU_ILCC_NMC,ISU_ILCC_NMC/G12C1,14,0.12604273395338897,0.1443988661406296,0.1343988661406296
ISU_ILCC_NMC,ISU_ILCC_NMC/G12C2,5,0.1403830384800621,0.1561853954457981,0.1461853954457981
ISU_ILCC_NMC,ISU_ILCC_NMC/G12C3,12,0.08306719164052986,0.10155054868588202,0.09155054868588201
ISU_ILCC_NMC,ISU_ILCC_NMC/G12C4,23,0.13977311030856093,0.15899796702981187,0.14899796702981186
ISU_ILCC_NMC,ISU_ILCC_NMC/G13C1,11,0.07212490878733363,0.08249244909830367,0.07696625810797669
ISU_ILCC_NMC,ISU_ILCC_NMC/G13C2,21,0.10981624315461096,0.12098300731739929,0.1156598473984871
ISU_ILCC_NMC,ISU_ILCC_NMC/G13C3,11,0.07825020432824198,0.08830763076503995,0.08376217621958539
ISU_ILCC_NMC,ISU_ILCC_NMC/G13C4,11,0.10960965871750328,0.12345560076980472,0.11599873356219015
ISU_ILCC_NMC,ISU_ILCC_NMC/G14C1,1,0.06249918782873387,0.06249918782873387,0.05249918782873386
ISU_ILCC_NMC,ISU_ILCC_NMC/G16C1,12,0.16234650114738375,0.16234650114738375,0.15567983448071707
ISU_ILCC_NMC,ISU_ILCC_NMC/G16C2,12,0.11188355030143415,0.11188355030143415,0.10537087409346041
ISU_ILCC_NMC,ISU_ILCC_NMC/G16C3,12,0.15137213405438568,0.15930491299762206,0.15010014798564691
ISU_ILCC_NMC,ISU_ILCC_NMC/G16C4,12,0.15418701273558663,0.1590211911235436,0.15068785779021024
ISU_ILCC_NMC,ISU_ILCC_NMC/G17C1,14,0.1355620566615253,0.1490915334129024,0.14008036413467678
ISU_ILCC_NMC,ISU_ILCC_NMC/G17C2,12,0.08011662457888537,0.09056058540857657,0.0826668408249983
ISU_ILCC_NMC,ISU_ILCC_NMC/G17C3,14,0.07672935157871523,0.08774844412250116,0.07972689572094592
ISU_ILCC_NMC,ISU_ILCC_NMC/G17C4,10,0.08491655382044906,0.08491655382044906,0.0799843850146951
ISU_ILCC_NMC,ISU_ILCC_NMC/G18C1,68,0.17241719444169248,0.18143092943347813,0.17150545070334267
ISU_ILCC_NMC,ISU_ILCC_NMC/G18C2,18,0.12149772090327485,0.14028706518086315,0.13028706518086314
ISU_ILCC_NMC,ISU_ILCC_NMC/G18C3,18,0.12397408026289912,0.1419317227604041,0.1319317227604041
ISU_ILCC_NMC,ISU_ILCC_NMC/G18C4,16,0.14395883626739453,0.1603155705156626,0.15031557051566258
ISU_ILCC_NMC,ISU_ILCC_NMC/G19C1,7,0.08522865045471464,0.09713623029160764,0.08960806659348128
ISU_ILCC_NMC,ISU_ILCC_NMC/G19C2,5,0.08787667734252291,0.09229535649481488,0.08229535649481487
ISU_ILCC_NMC,ISU_ILCC_NMC/G19C3,8,0.08108748126035878,0.08662744558683418,0.08213386828904186
ISU_ILCC_NMC,ISU_ILCC_NMC/G19C4,1,0.17027321868886358,0.17027321868886358,0.16027321868886357
ISU_ILCC_NMC,ISU_ILCC_NMC/G1C1,47,0.10965499261285788,0.11717157850414289,0.11045580768282083
ISU_ILCC_NMC,ISU_ILCC_NMC/G1C2,57,0.1285706863522218,0.1354043129652803,0.1275769568809244
ISU_ILCC_NMC,ISU_ILCC_NMC/G1C3,63,0.12032313930713603,0.1266988131477404,0.11868469654594581
ISU_ILCC_NMC,ISU_ILCC_NMC/G1C4,26,0.08524871623130895,0.0859965338990274,0.08247225565677464
ISU_ILCC_NMC,ISU_ILCC_NMC/G20C1,4,0.18606321830769879,0.18606321830769879,0.17606321830769878
ISU_ILCC_NMC,ISU_ILCC_NMC/G20C2,5,0.1437571246339809,0.1437571246339809,0.1337571246339809
ISU_ILCC_NMC,ISU_ILCC_NMC/G20C3,11,0.18052352316461173,0.19807483267744938,0.18807483267744934
ISU_ILCC_NMC,ISU_ILCC_NMC/G20C4,11,0.14516639564541406,0.15890314192159657,0.14890314192159657
ISU_ILCC_NMC,ISU_ILCC_NMC/G21C1,7,0.16645207120713554,0.16848474819578518,0.1584847481957852
ISU_ILCC_NMC,ISU_ILCC_NMC/G21C2,13,0.1651008011739488,0.16913573157686881,0.15913573157686878
ISU_ILCC_NMC,ISU_ILCC_NMC/G21C3,9,0.1573058969829616,0.16195354642800147,0.1519535464280015
ISU_ILCC_NMC,ISU_ILCC_NMC/G21C4,8,0.16990515722414634,0.17629024219741485,0.16629024219741484
ISU_ILCC_NMC,ISU_ILCC_NMC/G22C1,7,0.1515720059467547,0.161982358672115,0.151982358672115
ISU_ILCC_NMC,ISU_ILCC_NMC/G22C2,4,0.29146103941352225,0.29146103941352225,0.28146103941352224
ISU_ILCC_NMC,ISU_ILCC_NMC/G22C3,8,0.15370235971955643,0.16753117169909776,0.15753117169909775
ISU_ILCC_NMC,ISU_ILCC_NMC/G22C4,6,0.1740330969554286,0.17723129767138612,0.16723129767138611
ISU_ILCC_NMC,ISU_ILCC_NMC/G23C1,8,0.16943282383034933,0.18758529030626625,0.17758529030626624
ISU_ILCC_NMC,ISU_ILCC_NMC/G23C2,9,0.13254918689416867,0.15055874793964985,0.14055874793964987
ISU_ILCC_NMC,ISU_ILCC_NMC/G23C3,7,0.1626403548113249,0.17917620150918614,0.16917620150918614
ISU_ILCC_NMC,ISU_ILCC_NMC/G23C4,9,0.13717506622718895,0.15054777412667042,0.14120236856175317
ISU_ILCC_NMC,ISU_ILCC_NMC/G24C1,7,0.1153078052895821,0.13197024390232706,0.12197024390232704
ISU_ILCC_NMC,ISU_ILCC_NMC/G24C2,9,0.12792535771347044,0.1468986258032955,0.13689862580329548
ISU_ILCC_NMC,ISU_ILCC_NMC/G24C3,6,0.166327602344109,0.16743644490001533,0.16076977823334868
ISU_ILCC_NMC,ISU_ILCC_NMC/G24C4,7,0.15338187625093913,0.16812065450553643,0.15812065450553645
ISU_ILCC_NMC,ISU_ILCC_NMC/G25C1,9,0.13901270786677816,0.13901270786677816,0.13030438677827508
ISU_ILCC_NMC,ISU_ILCC_NMC/G25C2,10,0.1143052912476048,0.11541074409752165,0.10693186637614312
ISU_ILCC_NMC,ISU_ILCC_NMC/G25C3,18,0.2323135994739905,0.2433249020603119,0.23332490206031192
ISU_ILCC_NMC,ISU_ILCC_NMC/G25C4,41,0.19491782437051217,0.20646543823630234,0.19646543823630233
ISU_ILCC_NMC,ISU_ILCC_NMC/G26C1,23,0.060699914944028134,0.061238816710763054,0.05612750750689701
ISU_ILCC_NMC,ISU_ILCC_NMC/G26C2,41,0.10005198113169746,0.11311033217939041,0.10408099126828858
ISU_ILCC_NMC,ISU_ILCC_NMC/G26C3,59,0.08598541061623452,0.09161832037560413,0.08280681670559688
ISU_ILCC_NMC,ISU_ILCC_NMC/G26C4,33,0.07970616758883353,0.08688531578389758,0.080147912728793
ISU_ILCC_NMC,ISU_ILCC_NMC/G27C1,18,0.19172850870663552,0.19595434562024824,0.1859543456202482
ISU_ILCC_NMC,ISU_ILCC_NMC/G27C2,18,0.2437285267274791,0.2501957635856508,0.24019576358565078
ISU_ILCC_NMC,ISU_ILCC_NMC/G27C3,10,0.1664517400199237,0.1664517400199237,0.15645174001992368
ISU_ILCC_NMC,ISU_ILCC_NMC/G27C4,18,0.21932221256307666,0.22010818311248392,0.21010818311248391
ISU_ILCC_NMC,ISU_ILCC_NMC/G28C1,7,0.1408619172034379,0.1413951969705907,0.13425233982773355
ISU_ILCC_NMC,ISU_ILCC_NMC/G28C2,10,0.17630811043768232,0.17630811043768232,0.16630811043768232
ISU_ILCC_NMC,ISU_ILCC_NMC/G28C3,10,0.12557660430567136,0.1286516930287088,0.12065169302870879
ISU_ILCC_NMC,ISU_ILCC_NMC/G28C4,5,0.22520501992823655,0.22520501992823655,0.21520501992823649
ISU_ILCC_NMC,ISU_ILCC_NMC/G29C1,9,0.15927714511683208,0.1685451199158035,0.15854511991580353
ISU_ILCC_NMC,ISU_ILCC_NMC/G29C2,18,0.15815058818275507,0.1661829363372464,0.15618293633724642
ISU_ILCC_NMC,ISU_ILCC_NMC/G29C3,13,0.14723469333536862,0.16155579398503553,0.15155579398503555
ISU_ILCC_NMC,ISU_ILCC_NMC/G29C4,10,0.14716828569576718,0.14835934019155878,0.13835934019155877
ISU_ILCC_NMC,ISU_ILCC_NMC/G2C1,21,0.12315759045596364,0.1318537268495964,0.12477076599860529
ISU_ILCC_NMC,ISU_ILCC_NMC/G2C2,24,0.12954690893901266,0.1296738631816988,0.12139777768853209
ISU_ILCC_NMC,ISU_ILCC_NMC/G2C3,23,0.09567105977379821,0.0998000968797314,0.09283797710141432
ISU_ILCC_NMC,ISU_ILCC_NMC/G2C4,23,0.11368435904212751,0.12033853336209575,0.11326316517918458
ISU_ILCC_NMC,ISU_ILCC_NMC/G30C1,11,0.24358429262409886,0.2443282295715771,0.23432822957157706
ISU_ILCC_NMC,ISU_ILCC_NMC/G30C2,12,0.14732955450259375,0.16259068736299093,0.15259068736299092
ISU_ILCC_NMC,ISU_ILCC_NMC/G30C3,18,0.15848277525852528,0.16479078792623003,0.15542354010663664
ISU_ILCC_NMC,ISU_ILCC_NMC/G30C4,8,0.1850186564073597,0.20146077863532924,0.19146077863532923
ISU_ILCC_NMC,ISU_ILCC_NMC/G31C1,13,0.1578398974599143,0.16671388790133326,0.15671388790133325
ISU_ILCC_NMC,ISU_ILCC_NMC/G31C2,11,0.22250636655492403,0.22650599844002614,0.21678566364536112
ISU_ILCC_NMC,ISU_ILCC_NMC/G31C3,11,0.19267740832062222,0.1983470067659088,0.18834700676590882
ISU_ILCC_NMC,ISU_ILCC_NMC/G31C4,11,0.24473947795795564,0.2473677927414781,0.23736779274147812
ISU_ILCC_NMC,ISU_ILCC_NMC/G32C1,20,0.15382775657717002,0.16432345341729485,0.15488607677879082
ISU_ILCC_NMC,ISU_ILCC_NMC/G32C2,15,0.15240116654070543,0.154082111205879,0.14466711608302688
ISU_ILCC_NMC,ISU_ILCC_NMC/G32C3,18,0.16559332942105556,0.17410275630867128,0.1643294972218703
ISU_ILCC_NMC,ISU_ILCC_NMC/G32C4,16,0.13253474919746716,0.13442539195617592,0.1247119254020286
ISU_ILCC_NMC,ISU_ILCC_NMC/G33C1,19,0.16754904860947514,0.17703402256401474,0.1670340225640147
ISU_ILCC_NMC,ISU_ILCC_NMC/G33C2,16,0.16920874864849733,0.17883729601125223,0.16883729601125222
ISU_ILCC_NMC,ISU_ILCC_NMC/G33C3,21,0.10761632293778807,0.11644421628096864,0.10694896092298534
ISU_ILCC_NMC,ISU_ILCC_NMC/G33C4,15,0.14838047945617705,0.1568269658178148,0.14764044011089494
ISU_ILCC_NMC,ISU_ILCC_NMC/G34C1,24,0.15620804438344768,0.1735582131946003,0.1635582131946003
ISU_ILCC_NMC,ISU_ILCC_NMC/G34C2,24,0.12554563886005318,0.13238538494308827,0.122957022863181
ISU_ILCC_NMC,ISU_ILCC_NMC/G34C3,21,0.17519087937691455,0.18239255016979125,0.17244682987855073
ISU_ILCC_NMC,ISU_ILCC_NMC/G34C4,24,0.18196806660696094,0.19567961852231208,0.18567961852231207
ISU_ILCC_NMC,ISU_ILCC_NMC/G35C1,17,0.17371203184895556,0.18540471922354945,0.17791307240945922
ISU_ILCC_NMC,ISU_ILCC_NMC/G35C2,5,0.13686818847097698,0.1563865785364105,0.1463865785364105
ISU_ILCC_NMC,ISU_ILCC_NMC/G35C3,10,0.19949105845893966,0.21098257173851037,0.2039162909517589
ISU_ILCC_NMC,ISU_ILCC_NMC/G35C4,8,0.19994514581404155,0.21006849997680305,0.2049067237498228
ISU_ILCC_NMC,ISU_ILCC_NMC/G36C1,11,0.21242969642834753,0.23143022028866217,0.2214302202886622
ISU_ILCC_NMC,ISU_ILCC_NMC/G36C2,13,0.1731490484776579,0.1884808768891872,0.17898085875518577
ISU_ILCC_NMC,ISU_ILCC_NMC/G36C3,15,0.1991614878988689,0.20966397769384135,0.2036639776938413
ISU_ILCC_NMC,ISU_ILCC_NMC/G36C4,4,0.15792927873341703,0.174093972801127,0.164093972801127
ISU_ILCC_NMC,ISU_ILCC_NMC/G37C1,17,0.143369979058746,0.14758335298509812,0.1387598235733334
ISU_ILCC_NMC,ISU_ILCC_NMC/G37C2,14,0.1292291655053472,0.13750757321831406,0.12839137649425628
ISU_ILCC_NMC,ISU_ILCC_NMC/G37C3,13,0.14411055410286366,0.15420731477505917,0.14497966957772673
ISU_ILCC_NMC,ISU_ILCC_NMC/G37C4,10,0.1373491921014569,0.14194510646908393,0.13394510646908392
ISU_ILCC_NMC,ISU_ILCC_NMC/G38C1,9,0.2289898189127769,0.24742196382852416,0.23742196382852412
ISU_ILCC_NMC,ISU_ILCC_NMC/G38C2,7,0.2226105346644594,0.2412853798561264,0.23128537985612635
ISU_ILCC_NMC,ISU_ILCC_NMC/G38C3,12,0.18869606595796373,0.19729776562534598,0.18779779931907636
ISU_ILCC_NMC,ISU_ILCC_NMC/G38C4,15,0.19398908988045144,0.20903860814542996,0.2001569577505982
ISU_ILCC_NMC,ISU_ILCC_NMC/G39C1,10,0.17306283670684713,0.18954401658791833,0.18006231401443676
ISU_ILCC_NMC,ISU_ILCC_NMC/G39C2,10,0.17056655981846233,0.18689521388936442,0.17741631760560575
ISU_ILCC_NMC,ISU_ILCC_NMC/G39C3,10,0.2046356534299596,0.22076461892278756,0.21076461892278758
ISU_ILCC_NMC,ISU_ILCC_NMC/G39C4,13,0.21132262357866954,0.22980120285733432,0.2198012028573343
ISU_ILCC_NMC,ISU_ILCC_NMC/G3C1,26,0.09178533022245938,0.10468751333669785,0.09613302805897363
ISU_ILCC_NMC,ISU_ILCC_NMC/G3C2,14,0.11549058513198432,0.11549058513198432,0.10691915656055574
ISU_ILCC_NMC,ISU_ILCC_NMC/G3C3,23,0.11997668635497394,0.13209432499465354,0.12347737352854868
ISU_ILCC_NMC,ISU_ILCC_NMC/G3C4,14,0.12814219775712757,0.1291281793960075,0.12129434697266481
ISU_ILCC_NMC,ISU_ILCC_NMC/G40C1,33,0.14539759740292335,0.1626732759381931,0.15270234753975606
ISU_ILCC_NMC,ISU_ILCC_NMC/G40C2,28,0.14541457002325203,0.16043074714907282,0.15053000192608332
ISU_ILCC_NMC,ISU_ILCC_NMC/G40C3,26,0.12040398371567271,0.13515119797715988,0.12679685626816706
ISU_ILCC_NMC,ISU_ILCC_NMC/G40C4,33,0.18768326833471288,0.20490401860475546,0.19490401860475545
ISU_ILCC_NMC,ISU_ILCC_NMC/G41C1,30,0.2342226605025977,0.25046481916736413,0.2405791309487352
ISU_ILCC_NMC,ISU_ILCC_NMC/G41C2,17,0.20514411029756502,0.21754197957993535,0.2083638571895172
ISU_ILCC_NMC,ISU_ILCC_NMC/G41C3,24,0.2340714944764638,0.24834439387888455,0.23916669015067982
ISU_ILCC_NMC,ISU_ILCC_NMC/G41C4,24,0.24870956085618512,0.26137916496236496,0.25215601300379176
ISU_ILCC_NMC,ISU_ILCC_NMC/G42C1,24,0.19163543953505582,0.2015051293935597,0.19150512939355968
ISU_ILCC_NMC,ISU_ILCC_NMC/G42C2,24,0.1896010330842857,0.20637457496736586,0.19637457496736585
ISU_ILCC_NMC,ISU_ILCC_NMC/G42C3,19,0.23259216740123362,0.2414869478722265,0.23148694787222648
ISU_ILCC_NMC,ISU_ILCC_NMC/G42C4,26,0.11074597052468516,0.11890994798547808,0.11151963139762058
ISU_ILCC_NMC,ISU_ILCC_NMC/G43C1,28,0.2045599541588457,0.21267896936495986,0.20267896936495985
ISU_ILCC_NMC,ISU_ILCC_NMC/G43C2,20,0.18652942694976074,0.19779406118008172,0.1877940611800817
ISU_ILCC_NMC,ISU_ILCC_NMC/G43C3,28,0.183560263000994,0.19776100287142578,0.18776100287142578
ISU_ILCC_NMC,ISU_ILCC_NMC/G43C4,23,0.20503580159413773,0.21678632597664632,0.20678632597664634
ISU_ILCC_NMC,ISU_ILCC_NMC/G44C1,13,0.15591734094298063,0.1567455531212771,0.14836637121834018
ISU_ILCC_NMC,ISU_ILCC_NMC/G44C2,22,0.1649666208516469,0.17784428048581583,0.16829375424341475
ISU_ILCC_NMC,ISU_ILCC_NMC/G44C3,24,0.11244542737991055,0.13009513056270233,0.12011582756343653
ISU_ILCC_NMC,ISU_ILCC_NMC/G44C4,21,0.13882274949596846,0.14885083982559358,0.13911962458768978
ISU_ILCC_NMC,ISU_ILCC_NMC/G45C1,10,0.2675521358905841,0.26825716036869907,0.25825716036869906
ISU_ILCC_NMC,ISU_ILCC_NMC/G45C2,11,0.3183383543075855,0.3238913346797306,0.31389133467973057
ISU_ILCC_NMC,ISU_ILCC_NMC/G45C3,11,0.2897942414686367,0.29137718543931657,0.28137718543931656
ISU_ILCC_NMC,ISU_ILCC_NMC/G45C4,10,0.24211981795048348,0.25060504049356264,0.24060504049356263
ISU_ILCC_NMC,ISU_ILCC_NMC/G46C1,11,0.2615449349950421,0.26205993938065436,0.25205993938065435
ISU_ILCC_NMC,ISU_ILCC_NMC/G46C2,11,0.2230165632768567,0.2294729851289138,0.21947298512891378
ISU_ILCC_NMC,ISU_ILCC_NMC/G46C3,8,0.2974575581221713,0.2980063069502204,0.2880063069502204
ISU_ILCC_NMC,ISU_ILCC_NMC/G46C4,11,0.2670156370089502,0.2714183935277214,0.2614183935277214
ISU_ILCC_NMC,ISU_ILCC_NMC/G47C1,10,0.22400096055508398,0.2275130978726087,0.2175130978726087
ISU_ILCC_NMC,ISU_ILCC_NMC/G47C2,16,0.178315306927588,0.19032818723125777,0.18032818723125776
ISU_ILCC_NMC,ISU_ILCC_NMC/G47C3,11,0.1901428747101144,0.19489211722118344,0.1848921172211834
ISU_ILCC_NMC,ISU_ILCC_NMC/G47C4,10,0.2351084093629801,0.23846202644052727,0.22846202644052727
ISU_ILCC_NMC,ISU_ILCC_NMC/G48C1,8,0.16676856990192376,0.16911882600948114,0.15911882600948113
ISU_ILCC_NMC,ISU_ILCC_NMC/G48C2,9,0.24088944660208889,0.24114482895500858,0.2311448289550086
ISU_ILCC_NMC,ISU_ILCC_NMC/G48C3,11,0.18433829726101514,0.1884029252395374,0.1784029252395374
ISU_ILCC_NMC,ISU_ILCC_NMC/G48C4,8,0.24022720296947514,0.24430156488570515,0.23430156488570514
ISU_ILCC_NMC,ISU_ILCC_NMC/G49C1,32,0.09198935838455558,0.0971918177267606,0.08937722721981677
ISU_ILCC_NMC,ISU_ILCC_NMC/G49C2,32,0.10719872954662846,0.11459888147750136,0.10613455937777987
ISU_ILCC_NMC,ISU_ILCC_NMC/G49C3,32,0.09369752933117735,0.0974116239443267,0.08970184994579908
ISU_ILCC_NMC,ISU_ILCC_NMC/G49C4,32,0.10744982944598884,0.12141956116622517,0.11309271174357433
ISU_ILCC_NMC,ISU_ILCC_NMC/G4C1,21,0.09138736960323812,0.10731968963006447,0.09884263174409574
ISU_ILCC_NMC,ISU_ILCC_NMC/G4C2,22,0.08603093847797445,0.10089764632411648,0.09270268991955205
ISU_ILCC_NMC,ISU_ILCC_NMC/G4C3,25,0.07982895224673746,0.09421209185067149,0.0862511594656573
ISU_ILCC_NMC,ISU_ILCC_NMC/G4C4,16,0.06449614695469241,0.0785745918550041,0.07075459040656114
ISU_ILCC_NMC,ISU_ILCC_NMC/G50C1,26,0.16651948996745572,0.1850287105404645,0.17505056496321328
ISU_ILCC_NMC,ISU_ILCC_NMC/G50C2,20,0.19892968187022406,0.21725511152994792,0.2072551115299479
ISU_ILCC_NMC,ISU_ILCC_NMC/G50C3,30,0.10355598021177093,0.11648596785288591,0.1069290279170159
ISU_ILCC_NMC,ISU_ILCC_NMC/G50C4,27,0.16429091832562842,0.18252730193648647,0.17252730193648647
ISU_ILCC_NMC,ISU_ILCC_NMC/G51C1,11,0.1866043893580218,0.1866043893580218,0.17660438935802178
ISU_ILCC_NMC,ISU_ILCC_NMC/G51C2,12,0.17572550809425783,0.17714234575599483,0.16714234575599482
ISU_ILCC_NMC,ISU_ILCC_NMC/G51C3,10,0.2164313229916867,0.21689993047490191,0.2068999304749019
ISU_ILCC_NMC,ISU_ILCC_NMC/G51C4,12,0.19424414769893447,0.19824189088071584,0.18824189088071583
ISU_ILCC_NMC,ISU_ILCC_NMC/G52C1,21,0.1989397341296569,0.21005300224554307,0.20065851669140902
ISU_ILCC_NMC,ISU_ILCC_NMC/G52C2,16,0.23451702515128742,0.23929651872740254,0.230318221022659
ISU_ILCC_NMC,ISU_ILCC_NMC/G52C3,16,0.1988646063336543,0.21385642446137934,0.20385642446137933
ISU_ILCC_NMC,ISU_ILCC_NMC/G52C4,18,0.1627170279710256,0.17276261490327466,0.16378994464651808
ISU_ILCC_NMC,ISU_ILCC_NMC/G53C1,2,0.44130102532531273,0.45103925311836224,0.44103925311836223
ISU_ILCC_NMC,ISU_ILCC_NMC/G53C2,3,0.33126259801790114,0.33126259801790114,0.32126259801790114
ISU_ILCC_NMC,ISU_ILCC_NMC/G53C3,3,0.4205427533171582,0.4205427533171582,0.41054275331715817
ISU_ILCC_NMC,ISU_ILCC_NMC/G53C4,14,0.23233652509729555,0.24164632607878853,0.23437613056709325
ISU_ILCC_NMC,ISU_ILCC_NMC/G54C1,25,0.12558607477163408,0.13383279895677508,0.12644868530386338
ISU_ILCC_NMC,ISU_ILCC_NMC/G54C2,29,0.12555812473460817,0.13510188921818417,0.12727395574513536
ISU_ILCC_NMC,ISU_ILCC_NMC/G54C3,27,0.126326468916007,0.13434135724809432,0.12695955817895607
ISU_ILCC_NMC,ISU_ILCC_NMC/G54C4,23,0.1274544518055942,0.1346776123570848,0.12754023995426458
ISU_ILCC_NMC,ISU_ILCC_NMC/G55C1,16,0.23647843674399788,0.23800278485808074,0.2280027848580807
ISU_ILCC_NMC,ISU_ILCC_NMC/G55C2,16,0.21633196878917066,0.2193640070942424,0.20936400709424238
ISU_ILCC_NMC,ISU_ILCC_NMC/G55C3,14,0.21612343143393878,0.2209033244027553,0.21090332440275533
ISU_ILCC_NMC,ISU_ILCC_NMC/G55C4,16,0.2508145632639633,0.2545615906066725,0.24456159060667249
ISU_ILCC_NMC,ISU_ILCC_NMC/G56C1,27,0.1765334641959116,0.19267711233374546,0.18311583258109088
ISU_ILCC_NMC,ISU_ILCC_NMC/G56C2,25,0.19290805698172753,0.2066388040798649,0.19705935630609314
ISU_ILCC_NMC,ISU_ILCC_NMC/G56C3,18,0.2107008726903598,0.22403639534377293,0.21403639534377294
ISU_ILCC_NMC,ISU_ILCC_NMC/G56C4,23,0.19601635640776555,0.20817407958289663,0.19929256222163924
ISU_ILCC_NMC,ISU_ILCC_NMC/G57C1,31,0.08156626878949419,0.0875797033331374,0.07840539115779269
ISU_ILCC_NMC,ISU_ILCC_NMC/G57C2,31,0.05432931134415675,0.06251389223811676,0.05532765293870048
ISU_ILCC_NMC,ISU_ILCC_NMC/G57C3,31,0.09570056399675053,0.10984110867363883,0.10149519949138197
ISU_ILCC_NMC,ISU_ILCC_NMC/G57C4,31,0.08115551603785202,0.09508295945058513,0.08766052932755235
ISU_ILCC_NMC,ISU_ILCC_NMC/G58C1,31,0.15049492266737197,0.16162453543686256,0.1519405984905787
ISU_ILCC_NMC,ISU_ILCC_NMC/G58C2,21,0.23015291718812628,0.2472806920841577,0.23728069208415772
ISU_ILCC_NMC,ISU_ILCC_NMC/G58C3,25,0.21796992632685044,0.23657313442959535,0.22657313442959534
ISU_ILCC_NMC,ISU_ILCC_NMC/G58C4,25,0.1767461772264475,0.1927156633999585,0.1834235717473549
ISU_ILCC_NMC,ISU_ILCC_NMC/G59C1,29,0.13655840040334918,0.1433921953799719,0.13457223428021273
ISU_ILCC_NMC,ISU_ILCC_NMC/G59C2,27,0.14716428534156833,0.15551216526362954,0.1463860183003556
ISU_ILCC_NMC,ISU_ILCC_NMC/G59C3,21,0.14803865714080514,0.1539316152780637,0.14393161527806372
ISU_ILCC_NMC,ISU_ILCC_NMC/G59C4,25,0.17268307942932556,0.1759676189798793,0.16717283565060403
ISU_ILCC_NMC,ISU_ILCC_NMC/G5C1,9,0.18645037756073343,0.18645037756073343,0.17993509455929177
ISU_ILCC_NMC,ISU_ILCC_NMC/G5C2,11,0.30110376384271387,0.3057024057132751,0.29752058753145694
ISU_ILCC_NMC,ISU_ILCC_NMC/G5C3,11,0.10926545916171437,0.10926545916171437,0.10108364097989618
ISU_ILCC_NMC,ISU_ILCC_NMC/G5C4,5,0.30109449042787934,0.3014451165335939,0.29544511653359395
ISU_ILCC_NMC,ISU_ILCC_NMC/G60C1,15,0.2265574528149833,0.23732778468337265,0.22732778468337264
ISU_ILCC_NMC,ISU_ILCC_NMC/G60C2,11,0.20368236573890933,0.2037823793271417,0.1937823793271417
ISU_ILCC_NMC,ISU_ILCC_NMC/G60C3,10,0.27380022592451647,0.28260215046752557,0.27260215046752556
ISU_ILCC_NMC,ISU_ILCC_NMC/G60C4,12,0.25635981887230513,0.2564589353727338,0.24645893537273378
ISU_ILCC_NMC,ISU_ILCC_NMC/G61C2,15,0.20158221870146953,0.20836253371874663,0.1983625337187466
ISU_ILCC_NMC,ISU_ILCC_NMC/G61C3,6,0.1905529477252876,0.19151952679610093,0.18151952679610092
ISU_ILCC_NMC,ISU_ILCC_NMC/G61C4,15,0.19124964945194536,0.2004710205270819,0.19047102052708187
ISU_ILCC_NMC,ISU_ILCC_NMC/G62C1,16,0.18441547617449072,0.18496903645554463,0.17496903645554462
ISU_ILCC_NMC,ISU_ILCC_NMC/G62C2,11,0.20746928465751505,0.2114470572390233,0.2014470572390233
ISU_ILCC_NMC,ISU_ILCC_NMC/G62C3,13,0.2198452308054162,0.21989595726249342,0.20989595726249338
ISU_ILCC_NMC,ISU_ILCC_NMC/G62C4,7,0.24672346924332858,0.2468141327948812,0.23681413279488117
ISU_ILCC_NMC,ISU_ILCC_NMC/G63C1,7,0.18895908312201942,0.18895908312201942,0.1789590831220194
ISU_ILCC_NMC,ISU_ILCC_NMC/G63C2,7,0.22056834614426668,0.22058968201829726,0.21058968201829723
ISU_ILCC_NMC,ISU_ILCC_NMC/G63C3,13,0.19132802433947685,0.19428809403809463,0.1858265555765562
ISU_ILCC_NMC,ISU_ILCC_NMC/G63C4,18,0.16672129023796217,0.17652328298330458,0.1676343940944157
ISU_ILCC_NMC,ISU_ILCC_NMC/G64C1,6,0.21955358659106458,0.21955358659106458,0.20955358659106457
ISU_ILCC_NMC,ISU_ILCC_NMC/G64C2,6,0.29403184180637193,0.2940366037715379,0.2840366037715379
ISU_ILCC_NMC,ISU_ILCC_NMC/G64C3,6,0.16709968336708816,0.17145712531569482,0.16145712531569484
ISU_ILCC_NMC,ISU_ILCC_NMC/G64C4,15,0.2749867621882872,0.2792993045847908,0.26929930458479073
ISU_ILCC_NMC,ISU_ILCC_NMC/G6C1,31,0.09294205095125548,0.10029834017024951,0.09315685406230237
ISU_ILCC_NMC,ISU_ILCC_NMC/G6C2,52,0.15349676424137412,0.16082700672398514,0.15253548535084424
ISU_ILCC_NMC,ISU_ILCC_NMC/G6C3,75,0.17724395450678054,0.1835240191997136,0.17443606900815622
ISU_ILCC_NMC,ISU_ILCC_NMC/G6C4,52,0.1911241797682575,0.20032980518969248,0.19126962806530048
ISU_ILCC_NMC,ISU_ILCC_NMC/G7C1,21,0.13488739325822896,0.13760206025537164,0.12945783311938153
ISU_ILCC_NMC,ISU_ILCC_NMC/G7C2,19,0.11570460443615445,0.12648629369457012,0.11746282036918035
ISU_ILCC_NMC,ISU_ILCC_NMC/G7C3,58,0.227863107726126,0.2366616726629042,0.2272280370083931
ISU_ILCC_NMC,ISU_ILCC_NMC/G7C4,25,0.11263327153367932,0.1300204833412021,0.12043663083151226
ISU_ILCC_NMC,ISU_ILCC_NMC/G8C1,10,0.11323876998074194,0.12671814203951834,0.11827888299645055
ISU_ILCC_NMC,ISU_ILCC_NMC/G8C2,12,0.10050281179813826,0.11542737001308383,0.10709403667975048
ISU_ILCC_NMC,ISU_ILCC_NMC/G8C3,27,0.14515292855243694,0.16168903402803483,0.15281025731209277
ISU_ILCC_NMC,ISU_ILCC_NMC/G8C4,23,0.12904764749742562,0.1431955268456077,0.1358042224977816
ISU_ILCC_NMC,ISU_ILCC_NMC/G9C1,2,0.11356052189860494,0.11665548836421014,0.10665548836421013
ISU_ILCC_NMC,ISU_ILCC_NMC/G9C2,2,0.1500364944729149,0.15419688604064868,0.14419688604064868
ISU_ILCC_NMC,ISU_ILCC_NMC/G9C3,3,0.0955075916811402,0.10701831228228327,0.09701831228228326
ISU_ILCC_NMC,ISU_ILCC_NMC/G9C4,1,0.18703062851376862,0.18703062851376862,0.1770306285137686
LUH_NMC_SIO,LUH_NMC_SIO/P001_1,18,0.021824366406602243,0.04164978905974528,0.03164978905974532
LUH_NMC_SIO,LUH_NMC_SIO/P001_2,18,0.023325716385165198,0.04318122466654234,0.03318122466654241
LUH_NMC_SIO,LUH_NMC_SIO/P001_3,18,0.023626441679923324,0.04345172344046073,0.03345172344046077
LUH_NMC_SIO,LUH_NMC_SIO/P002_1,18,0.026448178041663137,0.04635031859031082,0.036350318590310876
LUH_NMC_SIO,LUH_NMC_SIO/P002_2,18,0.02235222001320805,0.04196911830446693,0.03196911830446696
LUH_NMC_SIO,LUH_NMC_SIO/P002_3,18,0.02422530282974987,0.04401090496141881,0.034010904961418835
LUH_NMC_SIO,LUH_NMC_SIO/P003_1,18,0.03485845612362333,0.054858456123623306,0.04485845612362334
LUH_NMC_SIO,LUH_NMC_SIO/P003_2,18,0.03355391894743184,0.053553918947431806,0.04355391894743185
LUH_NMC_SIO,LUH_NMC_SIO/P003_3,18,0.03363232340193683,0.05363232340193681,0.04363232340193684
LUH_NMC_SIO,LUH_NMC_SIO/P004_1,18,0.03557357463953391,0.055573574639533906,0.04557357463953392
LUH_NMC_SIO,LUH_NMC_SIO/P004_2,18,0.03328126281097042,0.05328126281097037,0.04328126281097043
LUH_NMC_SIO,LUH_NMC_SIO/P004_3,18,0.03351620486159603,0.05351620486159599,0.04351620486159604
LUH_NMC_SIO,LUH_NMC_SIO/P005_1,18,0.021644312466430005,0.041258850821058006,0.03125885082105804
LUH_NMC_SIO,LUH_NMC_SIO/P005_2,18,0.021850531471127574,0.041522611214408776,0.03152261121440883
LUH_NMC_SIO,LUH_NMC_SIO/P005_3,18,0.019775041414439073,0.03926366223252972,0.02926366223252979
LUH_NMC_SIO,LUH_NMC_SIO/P006_1,18,0.026550416532209044,0.04646500908037618,0.036465009080376226
LUH_NMC_SIO,LUH_NMC_SIO/P006_2,18,0.026623470399661047,0.04654154446497015,0.036541544464970196
LUH_NMC_SIO,LUH_NMC_SIO/P006_3,18,0.024300766986409626,0.04396106241527149,0.03396106241527153
LUH_NMC_SIO,LUH_NMC_SIO/P007_1,18,0.034615284928923885,0.05461528492892384,0.044615284928923894
LUH_NMC_SIO,LUH_NMC_SIO/P007_2,18,0.03352487754313717,0.053524877543137124,0.04352487754313718
LUH_NMC_SIO,LUH_NMC_SIO/P007_3,18,0.033204148140806265,0.05320414814080622,0.043204148140806274
LUH_NMC_SIO,LUH_NMC_SIO/P008_1,18,0.03590256965988071,0.05590256965988067,0.04590256965988072
LUH_NMC_SIO,LUH_NMC_SIO/P008_2,18,0.03716234232653735,0.05716234232653731,0.047162342326537356
LUH_NMC_SIO,LUH_NMC_SIO/P008_3,18,0.03649497416970385,0.05649497416970381,0.04649497416970386
LUH_NMC_SIO,LUH_NMC_SIO/P009_1,18,0.02280938227556885,0.04267952337319607,0.03267952337319613
LUH_NMC_SIO,LUH_NMC_SIO/P009_2,18,0.023752763138211792,0.043653593996142534,0.03365359399614259
LUH_NMC_SIO,LUH_NMC_SIO/P009_3,18,0.0227721171001734,0.042681024243937216,0.03268102424393725
LUH_NMC_SIO,LUH_NMC_SIO/P010_1,18,0.027405196470079416,0.04740519647007938,0.03740519647007942
LUH_NMC_SIO,LUH_NMC_SIO/P010_2,18,0.02737472839638731,0.04737472839638726,0.037374728396387315
LUH_NMC_SIO,LUH_NMC_SIO/P010_3,18,0.02692490667821172,0.046828394696226266,0.03682839469622632
LUH_NMC_SIO,LUH_NMC_SIO/P011_1,18,0.0403203705294978,0.06032037052949778,0.05032037052949781
LUH_NMC_SIO,LUH_NMC_SIO/P011_2,18,0.03561845670821815,0.055618456708218106,0.04561845670821816
LUH_NMC_SIO,LUH_NMC_SIO/P011_3,18,0.037322819239417444,0.057322819239417414,0.04732281923941745
LUH_NMC_SIO,LUH_NMC_SIO/P012_1,18,0.043083591797458604,0.06308359179745854,0.05308359179745861
LUH_NMC_SIO,LUH_NMC_SIO/P012_2,18,0.03786428860937911,0.057864288609379075,0.04786428860937912
LUH_NMC_SIO,LUH_NMC_SIO/P012_3,18,0.04950474877080194,0.06950474877080191,0.059504748770801946
LUH_NMC_SIO,LUH_NMC_SIO/P013_1,18,0.03289002263407833,0.05289002263407829,0.04289002263407834
LUH_NMC_SIO,LUH_NMC_SIO/P013_2,18,0.03320569166743706,0.053205691667437015,0.04320569166743707
LUH_NMC_SIO,LUH_NMC_SIO/P013_3,18,0.03210485963070976,0.05210485963070976,0.04210485963070977
LUH_NMC_SIO,LUH_NMC_SIO/P014_1,18,0.047284445485372216,0.0672844454853722,0.057284445485372225
LUH_NMC_SIO,LUH_NMC_SIO/P014_2,18,0.049205720482509104,0.06920572048250907,0.05920572048250911
LUH_NMC_SIO,LUH_NMC_SIO/P014_3,18,0.048674590554564114,0.06867459055456408,0.05867459055456413
LUH_NMC_SIO,LUH_NMC_SIO/P015_1,18,0.08327386479341814,0.10327386479341813,0.09327386479341815
LUH_NMC_SIO,LUH_NMC_SIO/P015_2,18,0.0732660999132423,0.09326609991324226,0.08326609991324231
LUH_NMC_SIO,LUH_NMC_SIO/P015_3,18,0.07527351751441287,0.0952735175144128,0.08527351751441288
LUH_NMC_SIO,LUH_NMC_SIO/P016_1,18,0.06515145775555688,0.08515145775555685,0.07515145775555689
LUH_NMC_SIO,LUH_NMC_SIO/P016_2,18,0.06392358958746018,0.08392358958746014,0.07392358958746019
LUH_NMC_SIO,LUH_NMC_SIO/P016_3,18,0.08287068153771422,0.10287068153771418,0.09287068153771423
LUH_NMC_SIO,LUH_NMC_SIO/P017_1,4,0.05859453108371779,0.05859453108371779,0.05651177437338514
LUH_NMC_SIO,LUH_NMC_SIO/P017_2,4,0.07047463260291545,0.07047463260291545,0.06547463260291544
LUH_NMC_SIO,LUH_NMC_SIO/P017_3,4,0.0760696262175673,0.0760696262175673,0.0710696262175673
LUH_NMC_SIO,LUH_NMC_SIO/P018_1,2,0.10951253178750553,0.10951253178750553,0.09951253178750552
LUH_NMC_SIO,LUH_NMC_SIO/P018_2,2,0.1010795066171184,0.1010795066171184,0.09107950661711839
LUH_NMC_SIO,LUH_NMC_SIO/P018_3,1,0.11520975645784748,0.11520975645784748,0.10520975645784747
LUH_NMC_SIO,LUH_NMC_SIO/P021_1,11,0.10199837147806047,0.10199837147806047,0.09381655329624226
LUH_NMC_SIO,LUH_NMC_SIO/P021_2,10,0.08289845261953302,0.08289845261953302,0.07521935147162395
LUH_NMC_SIO,LUH_NMC_SIO/P021_3,10,0.08992799318551528,0.08992799318551528,0.08248251567223332
LUH_NMC_SIO,LUH_NMC_SIO/P022_1,3,0.07511416603220648,0.07511416603220648,0.07178083269887314
LUH_NMC_SIO,LUH_NMC_SIO/P022_2,3,0.09565278498287492,0.09565278498287492,0.09231945164954158
LUH_NMC_SIO,LUH_NMC_SIO/P022_3,2,0.06928603268563371,0.06928603268563371,0.06928603268563371
LUH_NMC_SIO,LUH_NMC_SIO/P025_1,18,0.09154030746856066,0.09213094933148394,0.08418021869289263
LUH_NMC_SIO,LUH_NMC_SIO/P025_2,17,0.09806665894056177,0.09841781797427107,0.09034427413515905
LUH_NMC_SIO,LUH_NMC_SIO/P025_3,18,0.10249756798986207,0.10299441474374414,0.09481324805187187
LUH_NMC_SIO,LUH_NMC_SIO/P026_1,7,0.07896304711011441,0.08182018996725728,0.07733003593183177
LUH_NMC_SIO,LUH_NMC_SIO/P026_2,7,0.08521666462645269,0.08807380748359554,0.08345466091229706
LUH_NMC_SIO,LUH_NMC_SIO/P026_3,7,0.10805875381744744,0.1109158966745903,0.10511407624178326
LUH_NMC_SIO,LUH_NMC_SIO/P027_3,1,0.12707428785627206,0.12707428785627206,0.11707428785627205
LUH_NMC_SIO,LUH_NMC_SIO/P029_1,9,0.07196438959495638,0.07196438959495638,0.06579573072582122
LUH_NMC_SIO,LUH_NMC_SIO/P029_2,9,0.06309338487664347,0.06309338487664347,0.05711539486973061
LUH_NMC_SIO,LUH_NMC_SIO/P029_3,10,0.07094930977320857,0.07094930977320857,0.06418245869488201
LUH_NMC_SIO,LUH_NMC_SIO/P030_1,4,0.0503790901324182,0.0503790901324182,0.04924261567943927
LUH_NMC_SIO,LUH_NMC_SIO/P030_2,4,0.06897875617817575,0.06897875617817575,0.06397875617817575
LUH_NMC_SIO,LUH_NMC_SIO/P030_3,4,0.06714128088579668,0.06714128088579668,0.06214128088579668
LUH_NMC_SIO,LUH_NMC_SIO/P033_1,18,0.11639646644498874,0.11639646644498874,0.10826443545481931
LUH_NMC_SIO,LUH_NMC_SIO/P033_2,18,0.11300398452916946,0.11300398452916946,0.10483364044056542
LUH_NMC_SIO,LUH_NMC_SIO/P033_3,17,0.09945085214792941,0.09945085214792941,0.09171376921018322
LUH_NMC_SIO,LUH_NMC_SIO/P034_1,11,0.105607500566008,0.105607500566008,0.09797669473181396
LUH_NMC_SIO,LUH_NMC_SIO/P034_2,10,0.08820653105190243,0.08820653105190243,0.08128344725846459
LUH_NMC_SIO,LUH_NMC_SIO/P034_3,11,0.10679196069579894,0.10679196069579894,0.09944374297458508
LUH_NMC_SIO,LUH_NMC_SIO/P037_1,18,0.06573961417340596,0.06573961417340596,0.05873326986090158
LUH_NMC_SIO,LUH_NMC_SIO/P037_2,6,0.018617446005805227,0.018617446005805227,0.016098307687659092
LUH_NMC_SIO,LUH_NMC_SIO/P037_3,18,0.0676527042803099,0.06815928251901487,0.06068009859075244
LUH_NMC_SIO,LUH_NMC_SIO/P038_1,16,0.11312355801084416,0.11312355801084416,0.1054888037854743
LUH_NMC_SIO,LUH_NMC_SIO/P038_2,17,0.09476999623887646,0.09476999623887646,0.08794482252785531
LUH_NMC_SIO,LUH_NMC_SIO/P038_3,14,0.08570735202758814,0.08570735202758814,0.07856449488473098
LUH_NMC_SIO,LUH_NMC_SIO/P039_1,3,0.15200335421282507,0.15200335421282507,0.14200335421282506
LUH_NMC_SIO,LUH_NMC_SIO/P039_2,3,0.13100504391603843,0.13100504391603843,0.12302372782270787
LUH_NMC_SIO,LUH_NMC_SIO/P039_3,2,0.10928149820990901,0.10928149820990901,0.099281498209909
LUH_NMC_SIO,LUH_NMC_SIO/P040_1,1,0.18624542664225174,0.18624542664225174,0.17624542664225173
LUH_NMC_SIO,LUH_NMC_SIO/P041_1,16,0.10414388838879632,0.10414388838879632,0.09616923084746065
LUH_NMC_SIO,LUH_NMC_SIO/P041_2,11,0.054848449927239674,0.054848449927239674,0.04666663174542149
LUH_NMC_SIO,LUH_NMC_SIO/P041_3,15,0.09304757270605313,0.09304757270605313,0.08524305317788346
LUH_NMC_SIO,LUH_NMC_SIO/P042_1,17,0.10195345379702814,0.10195345379702814,0.09261704143630181
LUH_NMC_SIO,LUH_NMC_SIO/P042_2,7,0.042820302192757946,0.042820302192757946,0.03485561664815532
LUH_NMC_SIO,LUH_NMC_SIO/P042_3,11,0.03670376719191599,0.03670376719191599,0.02926137360650981
LUH_NMC_SIO,LUH_NMC_SIO/P045_1,18,0.03887305307680487,0.03985195360217404,0.03239289746981551
LUH_NMC_SIO,LUH_NMC_SIO/P045_2,18,0.038553613598343243,0.03935858611542561,0.03198054678774049
LUH_NMC_SIO,LUH_NMC_SIO/P045_3,18,0.03569991769953464,0.03570953071884789,0.02937590803070505
LUH_NMC_SIO,LUH_NMC_SIO/P046_1,18,0.03592274608036609,0.03592274608036609,0.03153247174748613
LUH_NMC_SIO,LUH_NMC_SIO/P046_2,18,0.04100974384072941,0.04100974384072941,0.03571660560843571
LUH_NMC_SIO,LUH_NMC_SIO/P046_3,18,0.05187717896629309,0.05405919428753328,0.04702817505911659
LUH_NMC_SIO,LUH_NMC_SIO/P047_1,6,0.0344114220488995,0.0344114220488995,0.03438773434168729
LUH_NMC_SIO,LUH_NMC_SIO/P047_2,6,0.08343726848212651,0.08343726848212651,0.08285543940966837
LUH_NMC_SIO,LUH_NMC_SIO/P047_3,7,0.08779936750801286,0.08779936750801286,0.08351365322229856
LUH_NMC_SIO,LUH_NMC_SIO/P049_1,18,0.03201001357352065,0.036025884065615445,0.028720908579348448
LUH_NMC_SIO,LUH_NMC_SIO/P049_2,18,0.02545588713864624,0.02824767851932352,0.022095629388648216
LUH_NMC_SIO,LUH_NMC_SIO/P049_3,18,0.02983367015743643,0.03190268929539412,0.025518851561332948
LUH_NMC_SIO,LUH_NMC_SIO/P050_1,18,0.027882338489802982,0.03110869682160916,0.025246983639387446
LUH_NMC_SIO,LUH_NMC_SIO/P050_2,18,0.02877686510963677,0.03340000701232761,0.027156544492015617
LUH_NMC_SIO,LUH_NMC_SIO/P050_3,18,0.0275113742284216,0.029745791368107375,0.024470234311302613
LUH_NMC_SIO,LUH_NMC_SIO/P051_1,11,0.05845795762819661,0.05845795762819661,0.053942684042762035
LUH_NMC_SIO,LUH_NMC_SIO/P051_2,18,0.1100398081407791,0.11009746607019702,0.10343079940353034
LUH_NMC_SIO,LUH_NMC_SIO/P051_3,18,0.08888318666557711,0.0891059700160307,0.08243930334936403
LUH_NMC_SIO,LUH_NMC_SIO/P052_1,9,0.13168499525316124,0.13168499525316124,0.12390721747538347
LUH_NMC_SIO,LUH_NMC_SIO/P052_2,5,0.1434282978623065,0.1434282978623065,0.13742829786230648
LUH_NMC_SIO,LUH_NMC_SIO/P053_1,9,0.046011514857726,0.046011514857726,0.04170273233909911
LUH_NMC_SIO,LUH_NMC_SIO/P053_2,9,0.05162637458743602,0.05162637458743602,0.04723971363683843
LUH_NMC_SIO,LUH_NMC_SIO/P053_3,11,0.0817109130340273,0.0817109130340273,0.07716545848857276
LUH_NMC_SIO,LUH_NMC_SIO/P054_1,9,0.07997983562715913,0.07997983562715913,0.0766465022938258
LUH_NMC_SIO,LUH_NMC_SIO/P054_2,11,0.08713830362157178,0.08713830362157178,0.08247807361980186
LUH_NMC_SIO,LUH_NMC_SIO/P054_3,11,0.06579217621681666,0.06579217621681666,0.06124672167136211
LUH_NMC_SIO,LUH_NMC_SIO/P055_1,2,0.0459290411368124,0.0459290411368124,0.0459290411368124
LUH_NMC_SIO,LUH_NMC_SIO/P055_2,2,0.0162278714478562,0.0162278714478562,0.0162278714478562
LUH_NMC_SIO,LUH_NMC_SIO/P055_3,4,0.10826123620788428,0.10826123620788428,0.10326123620788427
LUH_NMC_SIO,LUH_NMC_SIO/P057_1,7,0.05180660118877402,0.05180660118877402,0.04566395857941056
LUH_NMC_SIO,LUH_NMC_SIO/P057_2,7,0.05070472500819486,0.05070472500819486,0.04490500674538733
LUH_NMC_SIO,LUH_NMC_SIO/P057_3,8,0.0995026838977518,0.0995026838977518,0.09360123864925571
LUH_NMC_SIO,LUH_NMC_SIO/P058_1,9,0.07151308965513216,0.07151308965513216,0.06808133619630966
LUH_NMC_SIO,LUH_NMC_SIO/P058_2,7,0.059455821501299515,0.059455821501299515,0.05622709923695631
LUH_NMC_SIO,LUH_NMC_SIO/P058_3,8,0.11684846219384676,0.11684846219384676,0.11183116290485248
LUH_NMC_SIO,LUH_NMC_SIO/P059_1,2,0.21264508726508025,0.21264508726508025,0.20264508726508024
LUH_NMC_SIO,LUH_NMC_SIO/P059_2,2,0.10234197533421063,0.10234197533421063,0.09234197533421062
LUH_NMC_SIO,LUH_NMC_SIO/P059_3,2,0.24601310682070837,0.24601310682070837,0.23601310682070836
LUH_NMC_SIO,LUH_NMC_SIO/P060_1,2,0.3220604111064144,0.3220604111064144,0.3120604111064144
LUH_NMC_SIO,LUH_NMC_SIO/P060_3,1,0.01633037931036696,0.01633037931036696,0.0063303793103669515
LUH_NMC_SIO,LUH_NMC_SIO/P061_1,18,0.039864147782428284,0.04071888188898153,0.034283580140650256
LUH_NMC_SIO,LUH_NMC_SIO/P061_2,18,0.0449158853723854,0.04736963849870682,0.03987886416601745
LUH_NMC_SIO,LUH_NMC_SIO/P061_3,18,0.03992801832720045,0.041157686157389926,0.03472815732317668
LUH_NMC_SIO,LUH_NMC_SIO/P062_1,18,0.045291244963583166,0.051961395716844806,0.04438612487343833
LUH_NMC_SIO,LUH_NMC_SIO/P062_2,18,0.04436294526923295,0.05120452445895132,0.04359371254454689
LUH_NMC_SIO,LUH_NMC_SIO/P062_3,18,0.045043138816716614,0.05225374389339857,0.044528764622272655
LUH_NMC_SIO,LUH_NMC_SIO/P063_1,18,0.10118567940217263,0.10792921788032686,0.10015144010254907
LUH_NMC_SIO,LUH_NMC_SIO/P063_2,18,0.08289356374813105,0.08637231579531283,0.07896363718652896
LUH_NMC_SIO,LUH_NMC_SIO/P063_3,18,0.05750689314054674,0.06337878884047823,0.05595150432369817
LUH_NMC_SIO,LUH_NMC_SIO/P064_1,11,0.10338653204295124,0.10358248147775727,0.09540066329593905
LUH_NMC_SIO,LUH_NMC_SIO/P064_2,9,0.08529760871015667,0.08585913812513438,0.07808136034735659
LUH_NMC_SIO,LUH_NMC_SIO/P064_3,3,0.05082977881044878,0.05082977881044878,0.04082977881044877
LUH_NMC_SIO,LUH_NMC_SIO/P065_1,13,0.09437931274096736,0.09437931274096736,0.08437931274096734
LUH_NMC_SIO,LUH_NMC_SIO/P065_2,14,0.13576900332023759,0.13576900332023759,0.12576900332023758
LUH_NMC_SIO,LUH_NMC_SIO/P065_3,14,0.10266746778843681,0.10266746778843681,0.0926674677884368
LUH_NMC_SIO,LUH_NMC_SIO/P066_1,18,0.08909090927315289,0.08909090927315289,0.07909090927315288
LUH_NMC_SIO,LUH_NMC_SIO/P066_2,18,0.09684761328280994,0.09684761328280994,0.08684761328280993
LUH_NMC_SIO,LUH_NMC_SIO/P066_3,18,0.0919158524235078,0.0919158524235078,0.0819158524235078
LUH_NMC_SIO,LUH_NMC_SIO/P068_1,18,0.10535628774066945,0.10535628774066945,0.09535628774066944
LUH_NMC_SIO,LUH_NMC_SIO/P068_2,18,0.10330038458139257,0.10330038458139257,0.09330038458139256
LUH_NMC_SIO,LUH_NMC_SIO/P068_3,18,0.1049134417721474,0.1049134417721474,0.09491344177214739
LUH_NMC_SIO,LUH_NMC_SIO/P069_1,18,0.09672635892441411,0.09672635892441411,0.0867263589244141
LUH_NMC_SIO,LUH_NMC_SIO/P069_2,18,0.10325134537990859,0.10325134537990859,0.09325134537990858
LUH_NMC_SIO,LUH_NMC_SIO/P069_3,18,0.09776490431709321,0.09776490431709321,0.0877649043170932
LUH_NMC_SIO,LUH_NMC_SIO/P070_1,1,0.07163866631752347,0.07163866631752347,0.06163866631752346
LUH_NMC_SIO,LUH_NMC_SIO/P070_2,1,0.11805420365751307,0.11805420365751307,0.10805420365751306
LUH_NMC_SIO,LUH_NMC_SIO/P070_3,3,0.26883444779302523,0.26883444779302523,0.2588344477930252
LUH_NMC_SIO,LUH_NMC_SIO/P071_1,18,0.05511714537007453,0.05511714537007453,0.04522688715632813
LUH_NMC_SIO,LUH_NMC_SIO/P071_2,18,0.05555400738397752,0.05555400738397752,0.04611977194309983
LUH_NMC_SIO,LUH_NMC_SIO/P071_3,18,0.051747570022437545,0.051747570022437545,0.04221433290897578
LUH_NMC_SIO,LUH_NMC_SIO/P072_1,18,0.08483706224312004,0.08483706224312004,0.0773977957573957
LUH_NMC_SIO,LUH_NMC_SIO/P072_2,18,0.08042355698564625,0.08042355698564625,0.07347293708086364
LUH_NMC_SIO,LUH_NMC_SIO/P072_3,18,0.08001615075128528,0.08001615075128528,0.0724739148640266
LUH_NMC_SIO,LUH_NMC_SIO/P073_1,6,0.09796663439768498,0.09796663439768498,0.0912999677310183
LUH_NMC_SIO,LUH_NMC_SIO/P073_2,6,0.10355956855655311,0.10355956855655311,0.09689290188988643
LUH_NMC_SIO,LUH_NMC_SIO/P073_3,7,0.1144890878152527,0.1144890878152527,0.10734623067239556
LUH_NMC_SIO,LUH_NMC_SIO/P074_1,13,0.12534125128354734,0.12534125128354734,0.11537377990081742
LUH_NMC_SIO,LUH_NMC_SIO/P074_2,11,0.13565502152478007,0.13565502152478007,0.12565502152478006
LUH_NMC_SIO,LUH_NMC_SIO/P074_3,11,0.08665708273496088,0.08665708273496088,0.07734941856653266
LUH_NMC_SIO,LUH_NMC_SIO/P075_1,18,0.05574670313504414,0.05574670313504414,0.04755364995244701
LUH_NMC_SIO,LUH_NMC_SIO/P075_2,18,0.0584884491476891,0.0584884491476891,0.049651463842759806
LUH_NMC_SIO,LUH_NMC_SIO/P075_3,18,0.05324772463407844,0.05324772463407844,0.04498583855265321
LUH_NMC_SIO,LUH_NMC_SIO/P076_1,18,0.07521088442762854,0.07521088442762854,0.06755423650747337
LUH_NMC_SIO,LUH_NMC_SIO/P076_2,18,0.07633341944192079,0.0763378449045524,0.06844098930236457
LUH_NMC_SIO,LUH_NMC_SIO/P076_3,18,0.07324927743822235,0.07324927743822235,0.06562629331206911
MULTISTAGE_50E,MULTISTAGE_50E/S1_TP_z01_C1,12,0.013980985121460177,0.014905606190579438,0.015233504488014213
MULTISTAGE_50E,MULTISTAGE_50E/S1_TP_z01_C2,12,0.012268076696464838,0.013595410625452766,0.01564538120447161
MULTISTAGE_50E,MULTISTAGE_50E/S1_TP_z01_C3,12,0.013047487780036754,0.013553474899653362,0.01578503520625753
MULTISTAGE_50E,MULTISTAGE_50E/S1_TP_z02_C1,12,0.012634891818609856,0.012949526563647082,0.01720680687122635
MULTISTAGE_50E,MULTISTAGE_50E/S1_TP_z02_C2,12,0.013139380032767359,0.01305778955830599,0.018013238804985187
MULTISTAGE_50E,MULTISTAGE_50E/S1_TP_z02_C3,12,0.012440183774425101,0.012558012100947888,0.01733389403051583
MULTISTAGE_50E,MULTISTAGE_50E/S1_TP_z03_C1,12,0.022942136820622943,0.025836125445204788,0.022071619789369428
MULTISTAGE_50E,MULTISTAGE_50E/S1_TP_z03_C2,12,0.0206493377331196,0.022727471035442492,0.01985369270960427
MULTISTAGE_50E,MULTISTAGE_50E/S1_TP_z03_C3,12,0.020030407356920032,0.02347914205727883,0.01992261729479458
MULTISTAGE_50E,MULTISTAGE_50E/S1_TP_z04_C1,2,0.015692917164454256,0.009859886634141335,0.0056929171644542476
MULTISTAGE_50E,MULTISTAGE_50E/S1_TP_z04_C2,3,0.02412663204565857,0.02412663204565857,0.03412663204565858
MULTISTAGE_50E,MULTISTAGE_50E/S1_TP_z04_C3,2,0.01802159425146649,0.01802159425146649,0.028021594251466497
MULTISTAGE_50E,MULTISTAGE_50E/S1_TP_z05_C1,8,0.030615639080352836,0.030615639080352836,0.040615639080352844
MULTISTAGE_50E,MULTISTAGE_50E/S1_TP_z05_C2,8,0.03071719145298285,0.03067710570111755,0.04067710570111756
MULTISTAGE_50E,MULTISTAGE_50E/S1_TP_z05_C3,8,0.02905421579296287,0.028925846964615337,0.038925846964615346
MULTISTAGE_50E,MULTISTAGE_50E/S1_TP_z06_C1,8,0.015059569429410669,0.015059569429410669,0.019177421407948814
MULTISTAGE_50E,MULTISTAGE_50E/S1_TP_z06_C2,8,0.014475131900308552,0.014475131900308552,0.01872557800313801
MULTISTAGE_50E,MULTISTAGE_50E/S1_TP_z06_C3,8,0.014937600719431093,0.014937600719431093,0.019673365054067415
MULTISTAGE_50E,MULTISTAGE_50E/S1_TP_z07_C1,8,0.021390425849547062,0.021390425849547062,0.03139042584954707
MULTISTAGE_50E,MULTISTAGE_50E/S1_TP_z07_C2,8,0.023361223839419076,0.023361223839419076,0.033361223839419085
MULTISTAGE_50E,MULTISTAGE_50E/S1_TP_z07_C3,8,0.022668136207726064,0.022668136207726064,0.03266813620772607
MULTISTAGE_50E,MULTISTAGE_50E/S1_TP_z08_C1,8,0.0182715596135999,0.0182715596135999,0.02827155961359991
MULTISTAGE_50E,MULTISTAGE_50E/S1_TP_z08_C2,8,0.019838357613095686,0.019838357613095686,0.029838357613095695
MULTISTAGE_50E,MULTISTAGE_50E/S1_TP_z08_C3,8,0.01720058532576442,0.01720058532576442,0.026304959307947975
MULTISTAGE_50E,MULTISTAGE_50E/S1_TP_z09_C1,8,0.025883127296503175,0.025883127296503175,0.035883127296503184
MULTISTAGE_50E,MULTISTAGE_50E/S1_TP_z09_C2,8,0.024578150309703853,0.024578150309703853,0.03457815030970386
MULTISTAGE_50E,MULTISTAGE_50E/S1_TP_z09_C3,8,0.02522485363864191,0.02522485363864191,0.03522485363864192
MULTISTAGE_50E,MULTISTAGE_50E/S1_TP_z10_C1,8,0.013007587697666786,0.013007587697666786,0.02135824504914248
MULTISTAGE_50E,MULTISTAGE_50E/S1_TP_z10_C2,8,0.011121543079351287,0.011081831771474496,0.01881815236869515
MULTISTAGE_50E,MULTISTAGE_50E/S1_TP_z10_C3,8,0.012774321065124689,0.012774321065124689,0.022686643955597274
MULTISTAGE_50E,MULTISTAGE_50E/S1_TP_z11_C1,8,0.02848272903507336,0.02848272903507336,0.03848272903507337
MULTISTAGE_50E,MULTISTAGE_50E/S1_TP_z11_C2,8,0.027818984391225515,0.02711666832056578,0.03711666832056579
MULTISTAGE_50E,MULTISTAGE_50E/S1_TP_z11_C3,8,0.030857509734110167,0.030857509734110167,0.040857509734110176
MULTISTAGE_50E,MULTISTAGE_50E/S1_TP_z12_C1,8,0.029450048555362,0.029450048555362,0.03945004855536201
MULTISTAGE_50E,MULTISTAGE_50E/S1_TP_z12_C2,8,0.028609414792888144,0.028609414792888144,0.03860941479288815
MULTISTAGE_50E,MULTISTAGE_50E/S1_TP_z12_C3,8,0.0059361956501052665,0.01582535742124222,0.007512980533612365
MULTISTAGE_50E,MULTISTAGE_50E/S1_TP_z13_C1,8,0.016295744170730486,0.01626032202052373,0.026260322020523738
MULTISTAGE_50E,MULTISTAGE_50E/S1_TP_z13_C2,8,0.01675215306538362,0.01675215306538362,0.02675215306538363
MULTISTAGE_50E,MULTISTAGE_50E/S1_TP_z13_C3,8,0.015289302342308006,0.014672214787364635,0.024672214787364644
MULTISTAGE_50E,MULTISTAGE_50E/S1_TP_z14_C1,8,0.019329498529309083,0.019329498529309083,0.029329498529309092
MULTISTAGE_50E,MULTISTAGE_50E/S1_TP_z14_C2,8,0.023286054096283926,0.023286054096283926,0.033286054096283935
MULTISTAGE_50E,MULTISTAGE_50E/S1_TP_z14_C3,8,0.022270563828559395,0.022270563828559395,0.032270563828559404
MULTISTAGE_50E,MULTISTAGE_50E/S1_TP_z15_C1,8,0.019408398343791544,0.019408398343791544,0.019531114921018305
MULTISTAGE_50E,MULTISTAGE_50E/S1_TP_z15_C2,8,0.019446855463753368,0.019446855463753368,0.019289894041512587
MULTISTAGE_50E,MULTISTAGE_50E/S1_TP_z15_C3,8,0.017874040805627614,0.017874040805627614,0.01847712584362353
MULTISTAGE_50E,MULTISTAGE_50E/S1_TP_z16_C1,10,0.02998736414277984,0.04991619695639269,0.03991619695639274
MULTISTAGE_50E,MULTISTAGE_50E/S1_TP_z16_C2,11,0.03346001171627467,0.053099856797489985,0.04309985679749006
MULTISTAGE_50E,MULTISTAGE_50E/S1_TP_z16_C3,11,0.03372019651295794,0.053580262974120794,0.043580262974120855
MULTISTAGE_50E,MULTISTAGE_50E/S1_TP_z17_C1,11,0.04497056861118643,0.0649705686111864,0.05497056861118644
MULTISTAGE_50E,MULTISTAGE_50E/S1_TP_z17_C2,11,0.046152702807916716,0.06615270280791669,0.056152702807916725
MULTISTAGE_50E,MULTISTAGE_50E/S1_TP_z17_C3,11,0.06962426417844042,0.0896242641784404,0.07962426417844043
MULTISTAGE_50E,MULTISTAGE_50E/S1_TP_z18_C1,11,0.06470931963034139,0.08470931963034137,0.0747093196303414
MULTISTAGE_50E,MULTISTAGE_50E/S1_TP_z18_C2,11,0.06115020919823693,0.08115020919823689,0.07115020919823695
MULTISTAGE_50E,MULTISTAGE_50E/S1_TP_z18_C3,11,0.05852515781016725,0.07852515781016721,0.06852515781016726
MULTISTAGE_50E,MULTISTAGE_50E/S1_TP_z19_C1,11,0.011524223416754015,0.028666413077188837,0.01866641307718885
MULTISTAGE_50E,MULTISTAGE_50E/S1_TP_z19_C2,11,0.012619768411637507,0.029961310873366398,0.01996131087336642
MULTISTAGE_50E,MULTISTAGE_50E/S1_TP_z19_C3,11,0.012707122588194276,0.029811457434435643,0.019811457434435655
MULTISTAGE_50E,MULTISTAGE_50E/S1_TP_z20_C1,11,0.02976479798660816,0.0496495465289759,0.039649546528975926
MULTISTAGE_50E,MULTISTAGE_50E/S1_TP_z20_C2,11,0.028215133188369376,0.04802514738702801,0.038025147387028085
MULTISTAGE_50E,MULTISTAGE_50E/S1_TP_z20_C3,11,0.03317879917253174,0.0531787991725317,0.04317879917253175
MULTISTAGE_50E,MULTISTAGE_50E/S1_TP_z21_C1,11,0.02686086405915407,0.046398307606311515,0.03639830760631157
MULTISTAGE_50E,MULTISTAGE_50E/S1_TP_z21_C2,11,0.02827151254747812,0.047925367704548756,0.0379253677045488
MULTISTAGE_50E,MULTISTAGE_50E/S1_TP_z21_C3,11,0.029000424528315697,0.048821858069152076,0.03882185806915212
MULTISTAGE_50E,MULTISTAGE_50E/S1_TP_z22_C1,11,0.038781191237731764,0.05858634349449752,0.04858634349449757
MULTISTAGE_50E,MULTISTAGE_50E/S1_TP_z22_C2,11,0.037410100343144764,0.05693796128097859,0.04693796128097864
MULTISTAGE_50E,MULTISTAGE_50E/S1_TP_z22_C3,11,0.03615153168189433,0.05566654555694725,0.045666545556947276
MULTISTAGE_50E,MULTISTAGE_50E/S1_TP_z23_C1,11,0.03990959474892066,0.059909594748920596,0.04990959474892067
MULTISTAGE_50E,MULTISTAGE_50E/S1_TP_z23_C2,11,0.04018989741311832,0.06018989741311828,0.05018989741311833
MULTISTAGE_50E,MULTISTAGE_50E/S1_TP_z23_C3,11,0.040564489092241744,0.06056448909224172,0.05056448909224175
MULTISTAGE_50E,MULTISTAGE_50E/S1_TP_z24_C1,11,0.03539274955885896,0.05531903448099376,0.045319034480993815
MULTISTAGE_50E,MULTISTAGE_50E/S1_TP_z24_C2,11,0.03268547415341164,0.052440903719827466,0.04244090371982751
MULTISTAGE_50E,MULTISTAGE_50E/S1_TP_z24_C3,11,0.03583758606629406,0.055837586066294013,0.04583758606629407
MULTISTAGE_50E,MULTISTAGE_50E/S1_TP_z25_C1,11,0.07695581973193046,0.09695581973193042,0.08695581973193046
MULTISTAGE_50E,MULTISTAGE_50E/S1_TP_z25_C2,11,0.050107458588407566,0.07010745858840753,0.060107458588407575
MULTISTAGE_50E,MULTISTAGE_50E/S1_TP_z25_C3,11,0.05052552339913052,0.07052552339913053,0.06052552339913053
MULTISTAGE_50E,MULTISTAGE_50E/S2_TP_z01_C1,12,0.01936588278799206,0.02565079584187426,0.021556524358114098
MULTISTAGE_50E,MULTISTAGE_50E/S2_TP_z01_C2,12,0.018111898321260644,0.02630759134179181,0.021788828463536036
MULTISTAGE_50E,MULTISTAGE_50E/S2_TP_z01_C3,12,0.016512654810906358,0.022847826548700722,0.019059973944796277
MULTISTAGE_50E,MULTISTAGE_50E/S2_TP_z02_C1,4,0.04155957339910457,0.046203183753092486,0.03729026577066022
MULTISTAGE_50E,MULTISTAGE_50E/S2_TP_z02_C2,4,0.07005098717327266,0.09005098717327262,0.08005098717327266
MULTISTAGE_50E,MULTISTAGE_50E/S2_TP_z02_C3,2,0.031521742570670364,0.031521742570670364,0.04152174257067037
MULTISTAGE_50E,MULTISTAGE_50E/S2_TP_z03_C1,12,0.031942340893872594,0.03978788231273017,0.03366456567396512
MULTISTAGE_50E,MULTISTAGE_50E/S2_TP_z03_C2,12,0.02833623307957576,0.034691462897650314,0.02927186755073537
MULTISTAGE_50E,MULTISTAGE_50E/S2_TP_z03_C3,12,0.02808895902617989,0.03543530975073906,0.030109743010720474
MULTISTAGE_50E,MULTISTAGE_50E/S2_TP_z04_C1,8,0.024964252777905094,0.024964252777905094,0.0349642527779051
MULTISTAGE_50E,MULTISTAGE_50E/S2_TP_z04_C2,8,0.023849353416610777,0.023849353416610777,0.033849353416610786
MULTISTAGE_50E,MULTISTAGE_50E/S2_TP_z04_C3,8,0.0235029860375824,0.0235029860375824,0.03350298603758241
MULTISTAGE_50E,MULTISTAGE_50E/S2_TP_z05_C1,8,0.04259098713842345,0.04259098713842345,0.05259098713842346
MULTISTAGE_50E,MULTISTAGE_50E/S2_TP_z05_C2,8,0.042510631648186054,0.042510631648186054,0.05251063164818606
MULTISTAGE_50E,MULTISTAGE_50E/S2_TP_z05_C3,8,0.04295338072725055,0.04295338072725055,0.05295338072725056
MULTISTAGE_50E,MULTISTAGE_50E/S2_TP_z06_C1,8,0.037848391873299095,0.037848391873299095,0.047848391873299104
MULTISTAGE_50E,MULTISTAGE_50E/S2_TP_z06_C2,8,0.03822354392434103,0.03822354392434103,0.04822354392434104
MULTISTAGE_50E,MULTISTAGE_50E/S2_TP_z06_C3,8,0.03952739673030346,0.03952739673030346,0.04952739673030347
MULTISTAGE_50E,MULTISTAGE_50E/S2_TP_z07_C1,8,0.027869463704909198,0.027869463704909198,0.037869463704909206
MULTISTAGE_50E,MULTISTAGE_50E/S2_TP_z07_C2,8,0.0268701026287958,0.0268701026287958,0.03687010262879581
MULTISTAGE_50E,MULTISTAGE_50E/S2_TP_z07_C3,8,0.03097669186614803,0.03097669186614803,0.04097669186614804
MULTISTAGE_50E,MULTISTAGE_50E/S2_TP_z08_C1,8,0.01955418041153499,0.01955418041153499,0.029554180411535
MULTISTAGE_50E,MULTISTAGE_50E/S2_TP_z08_C2,8,0.020285095569638145,0.020285095569638145,0.030285095569638154
MULTISTAGE_50E,MULTISTAGE_50E/S2_TP_z08_C3,8,0.020903525663388434,0.020903525663388434,0.030903525663388443
MULTISTAGE_50E,MULTISTAGE_50E/S2_TP_z09_C1,8,0.030641444800695375,0.030641444800695375,0.040641444800695384
MULTISTAGE_50E,MULTISTAGE_50E/S2_TP_z09_C2,8,0.029130357081089436,0.029130357081089436,0.039130357081089445
MULTISTAGE_50E,MULTISTAGE_50E/S2_TP_z09_C3,8,0.03008075864565954,0.03008075864565954,0.04008075864565955
MULTISTAGE_50E,MULTISTAGE_50E/S2_TP_z10_C1,1,0.023655326289137357,0.023655326289137357,0.033655326289137366
MULTISTAGE_50E,MULTISTAGE_50E/S2_TP_z10_C2,3,0.015898772220143836,0.015898772220143836,0.02587874818975226
MULTISTAGE_50E,MULTISTAGE_50E/S2_TP_z10_C3,4,0.018323362828320866,0.018323362828320866,0.02332336282832087
MULTISTAGE_50E,MULTISTAGE_50E/S2_TP_z11_C1,8,0.01890417561772191,0.01890417561772191,0.02890417561772192
MULTISTAGE_50E,MULTISTAGE_50E/S2_TP_z11_C2,8,0.017879042759883515,0.017879042759883515,0.027879042759883524
MULTISTAGE_50E,MULTISTAGE_50E/S2_TP_z11_C3,8,0.01859377228145341,0.01859377228145341,0.02859377228145342
MULTISTAGE_50E,MULTISTAGE_50E/S2_TP_z12_C1,12,0.019285145035164226,0.03876761142589708,0.02876761142589712
MULTISTAGE_50E,MULTISTAGE_50E/S2_TP_z12_C2,12,0.019417715604631364,0.038830668888744285,0.02883066888874432
MULTISTAGE_50E,MULTISTAGE_50E/S2_TP_z12_C3,12,0.019704379418102963,0.03907346689621948,0.029073466896219508
MULTISTAGE_50E,MULTISTAGE_50E/S2_TP_z13_C1,12,0.02254563692942922,0.04229885525259045,0.0322988552525905
MULTISTAGE_50E,MULTISTAGE_50E/S2_TP_z13_C2,12,0.022563831861734097,0.04236961453208234,0.0323696145320824
MULTISTAGE_50E,MULTISTAGE_50E/S2_TP_z13_C3,12,0.02308576150286908,0.04296013884657238,0.03296013884657245
MULTISTAGE_50E,MULTISTAGE_50E/S2_TP_z14_C1,12,0.03500847752335381,0.055008477523353756,0.04500847752335382
MULTISTAGE_50E,MULTISTAGE_50E/S2_TP_z14_C2,12,0.028752059193127722,0.048752059193127716,0.038752059193127734
MULTISTAGE_50E,MULTISTAGE_50E/S2_TP_z14_C3,12,0.026043630129290913,0.04604363012929086,0.036043630129290925
MULTISTAGE_50E,MULTISTAGE_50E/S2_TP_z15_C1,7,0.06223353174744749,0.08223353174744742,0.0722335317474475
MULTISTAGE_50E,MULTISTAGE_50E/S2_TP_z15_C2,8,0.07279815944484234,0.09279815944484232,0.08279815944484235
MULTISTAGE_50E,MULTISTAGE_50E/S2_TP_z15_C3,8,0.06725682772226274,0.0872568277222627,0.07725682772226275
MULTISTAGE_50E,MULTISTAGE_50E/S2_TP_z16_C1,12,0.05258914754423454,0.07258914754423448,0.06258914754423454
MULTISTAGE_50E,MULTISTAGE_50E/S2_TP_z16_C2,12,0.05594594331710556,0.07594594331710555,0.06594594331710557
MULTISTAGE_50E,MULTISTAGE_50E/S2_TP_z16_C3,12,0.05695646475750246,0.07695646475750247,0.06695646475750247
MULTISTAGE_50E,MULTISTAGE_50E/S2_TP_z17_C1,8,0.058148320944745716,0.07814832094474568,0.06814832094474572
MULTISTAGE_50E,MULTISTAGE_50E/S2_TP_z17_C2,8,0.058051547188456176,0.07805154718845614,0.06805154718845619
MULTISTAGE_50E,MULTISTAGE_50E/S2_TP_z17_C3,8,0.06522990782903386,0.08522990782903384,0.07522990782903387
MULTISTAGE_50E,MULTISTAGE_50E/S2_TP_z18_C1,12,0.03662461496777634,0.05662461496777626,0.04662461496777635
MULTISTAGE_50E,MULTISTAGE_50E/S2_TP_z18_C2,12,0.03581401849827274,0.05581401849827272,0.04581401849827275
MULTISTAGE_50E,MULTISTAGE_50E/S2_TP_z18_C3,12,0.03658663996661005,0.056586639966610015,0.04658663996661006
MULTISTAGE_50E,MULTISTAGE_50E/S2_TP_z19_C1,12,0.05165239195378175,0.07165239195378173,0.061652391953781756
MULTISTAGE_50E,MULTISTAGE_50E/S2_TP_z19_C2,12,0.05909959458532777,0.07909959458532773,0.06909959458532779
MULTISTAGE_50E,MULTISTAGE_50E/S2_TP_z19_C3,12,0.05461869077229836,0.07461869077229834,0.06461869077229837
MULTISTAGE_50E,MULTISTAGE_50E/S2_TP_z20_C1,3,0.0910346089234771,0.1110346089234771,0.10103460892347711
MULTISTAGE_50E,MULTISTAGE_50E/S2_TP_z20_C3,3,0.0709415678876049,0.09094156788760481,0.08094156788760491
MULTISTAGE_50E,MULTISTAGE_50E/S2_TP_z21_C1,12,0.03831412031485465,0.05831412031485463,0.04831412031485466
MULTISTAGE_50E,MULTISTAGE_50E/S2_TP_z21_C2,12,0.038172043047454494,0.058172043047454464,0.0481720430474545
MULTISTAGE_50E,MULTISTAGE_50E/S2_TP_z21_C3,12,0.035574830611247804,0.055574830611247746,0.04557483061124781
MULTISTAGE_50E,MULTISTAGE_50E/S2_TP_z22_C1,12,0.03354600719967261,0.053546007199672584,0.043546007199672616
MULTISTAGE_50E,MULTISTAGE_50E/S2_TP_z22_C2,12,0.03361810267395676,0.05361810267395672,0.04361810267395677
MULTISTAGE_50E,MULTISTAGE_50E/S2_TP_z22_C3,12,0.03462611351566817,0.05462611351566815,0.04462611351566818
MULTISTAGE_50E,MULTISTAGE_50E/S2_TP_z23_C2,1,0.026788841223246318,0.046788841223246336,0.03678884122324633
MULTISTAGE_50E,MULTISTAGE_50E/S2_TP_z23_C3,3,0.0916686332863071,0.11166863328630712,0.10166863328630711
MULTISTAGE_50E,MULTISTAGE_50E/S2_TP_z24_C1,12,0.03480987140568955,0.05480987140568952,0.04480987140568956
MULTISTAGE_50E,MULTISTAGE_50E/S2_TP_z24_C2,12,0.03316772727945224,0.05316772727945221,0.04316772727945225
MULTISTAGE_50E,MULTISTAGE_50E/S2_TP_z24_C3,12,0.03453145231155538,0.054531452311555324,0.04453145231155539
STANFORD_CALENDAR,STANFORD_CALENDAR/C00013,5,0.03653113921606055,0.03653113921606055,0.04653113921606056
STANFORD_CALENDAR,STANFORD_CALENDAR/C00014,11,0.023681225040030843,0.023681225040030843,0.028720644501043592
STANFORD_CALENDAR,STANFORD_CALENDAR/C00018,8,0.025522492447633494,0.025522492447633494,0.0355224924476335
STANFORD_CALENDAR,STANFORD_CALENDAR/C00084,90,0.07825679368355694,0.07825679368355694,0.08504433527382171
STANFORD_CALENDAR,STANFORD_CALENDAR/C00085,118,0.07601119507363453,0.07601119507363453,0.08598624219743765
STANFORD_CALENDAR,STANFORD_CALENDAR/C00086,118,0.06456185990388352,0.06456185990388352,0.06980566308156547
STANFORD_CALENDAR,STANFORD_CALENDAR/C00087,118,0.06925046957139745,0.06925046957139745,0.07464043011181276
STANFORD_CALENDAR,STANFORD_CALENDAR/C00088,18,0.09578652561257806,0.09578652561257806,0.10578652561257806
STANFORD_CALENDAR,STANFORD_CALENDAR/C00089,18,0.09591108145237584,0.09591108145237584,0.10591108145237585
STANFORD_CALENDAR,STANFORD_CALENDAR/C00090,18,0.08517007479435852,0.08517007479435852,0.09517007479435853
STANFORD_CALENDAR,STANFORD_CALENDAR/C00091,18,0.08913526311372906,0.08913526311372906,0.09913526311372907
STANFORD_CALENDAR,STANFORD_CALENDAR/C00092,16,0.08717462400990819,0.08717462400990819,0.0971746240099082
STANFORD_CALENDAR,STANFORD_CALENDAR/C00093,15,0.09521311919899163,0.09521311919899163,0.10521311919899164
STANFORD_CALENDAR,STANFORD_CALENDAR/C00094,16,0.09409271206496353,0.09409271206496353,0.10409271206496354
STANFORD_CALENDAR,STANFORD_CALENDAR/C00095,16,0.09647745455379769,0.09647745455379769,0.1064774545537977
STANFORD_CALENDAR,STANFORD_CALENDAR/C00161,2,0.05343407033094799,0.06362296810765666,0.053622968107656654
STANFORD_CALENDAR,STANFORD_CALENDAR/C00162,28,0.12013494718261893,0.13281550419150465,0.12281550419150464
STANFORD_CALENDAR,STANFORD_CALENDAR/C00163,8,0.17199330246172767,0.17374272133906427,0.16374272133906426
STANFORD_CALENDAR,STANFORD_CALENDAR/C00164,6,0.0860270158141157,0.09410605430174433,0.08410605430174432
STANFORD_CALENDAR,STANFORD_CALENDAR/C00165,15,0.07919789097323715,0.09530922182742338,0.08664255516075668
STANFORD_CALENDAR,STANFORD_CALENDAR/C00166,2,0.04011843930631903,0.05142957658201819,0.04142957658201818
STANFORD_CALENDAR,STANFORD_CALENDAR/C00207,15,0.03053055080243224,0.020208338059735615,0.03009819002763166
STANFORD_CALENDAR,STANFORD_CALENDAR/C00211,7,0.03342586274868897,0.02778280465121982,0.037782804651219824
STANFORD_CALENDAR,STANFORD_CALENDAR/C00213,20,0.03166504575581354,0.022261091874394283,0.030218839324452813
STANFORD_CALENDAR,STANFORD_CALENDAR/C00218,25,0.030758580954613524,0.04357619033613396,0.03597619033613396
STANFORD_CALENDAR,STANFORD_CALENDAR/C00219,6,0.028127833468467422,0.022826440753315025,0.029493107419981696
STANFORD_CALENDAR,STANFORD_CALENDAR/C00223,1,0.022727022286080034,0.02333708668199641,0.013337086681996402
STANFORD_CALENDAR,STANFORD_CALENDAR/C00226,7,0.030925875677219335,0.033806437464125386,0.038092151749839674
STANFORD_CALENDAR,STANFORD_CALENDAR/C00227,6,0.02953479882282528,0.03346666535248507,0.03013333201915173
STANFORD_CALENDAR,STANFORD_CALENDAR/C00228,14,0.0694185604396895,0.07629066327932536,0.06629066327932535
